Country,Scale,Base Year,1950,1951,1952,1953,1954,1955,1956,1957,1958,1959,1960,1961,1962,1963,1964,1965,1966,1967,1968,1969,1970,1971,1972,1973,1974,1975,1976,1977,1978,1979,1980,1981,1982,1983,1984,1985,1986,1987,1988,1989,1990,1991,1992,1993,1994,1995,1996,1997,1998,1999,2000,2001,2002,2003,2004,2005,2006,2007,2008,2009,2010,2011,2012,2013,2014,2015,2016,2017,2018,2019,2020,2021
"Afghanistan, Islamic Rep. of",Millions,, , , , , , , , , , , , , , , , , , , , , , , , , , , , , , , , , , , , , , , , , , , , , , , , , , , , ,178756.00 ,220013.00 ,246210.00 ,304926.00 ,345817.00 ,427495.00 ,517509.00 ,607227.00 ,711759.00 ,836222.00 ,1033590.00 ,1116830.00 ,1183040.00 ,1226570.00 ,1222920.00 ,1285460.00 ,1327690.00 ,1469600.00 ,1547290.00 , 
Albania,Millions,, , , , , , , , , , , , , , , , , , , , , , , , , , , , , , , , , , , , , , , , , , , , , , ,334359.13 ,331324.24 ,384848.41 ,443593.64 ,501198.99 ,563448.81 ,610494.27 ,677737.52 ,737655.55 ,804163.21 ,872735.10 ,965527.76 ,1080675.93 ,1143936.46 ,1239644.58 ,1300624.08 ,1332810.99 ,1350052.64 ,1395304.63 ,1434306.51 ,1472479.13 ,1550645.49 ,1636731.32 ,1691903.43 ,1644077.27 , 
Algeria,Millions,,4600.00 ,5300.00 , , , , , , , , , , ,11745.49 ,18835.02 ,20301.93 ,22391.65 ,21871.29 ,24554.12 ,28321.51 ,31819.09 ,36405.62 ,36639.66 ,41872.07 ,47847.99 ,50723.68 ,60953.22 ,72356.69 ,87236.85 ,104877.21 ,128217.24 ,162500.00 ,191500.00 ,207600.00 ,233700.00 ,263900.00 ,291600.00 ,296600.00 ,312700.00 ,347700.00 ,422043.00 ,554400.00 ,862132.00 ,1074695.00 ,1189724.00 ,1487400.00 ,2004990.00 ,2570000.00 ,2780200.00 ,2830490.70 ,3248197.50 ,4123500.00 ,4227100.00 ,4522800.00 ,5252300.00 ,6149100.00 ,7562000.00 ,8501635.83 ,9352886.37 ,11043703.50 ,9968025.26 ,11991563.91 ,14589000.00 ,16209600.00 ,16647900.00 ,17228600.00 ,16712686.00 ,17514634.90 ,18876175.60 ,20393524.41 ,20501058.34 ,18383799.92 , 
"Andorra, Principality of",Millions,, , , , , , , , , , , , , , , , , , , , , , , , , , , , , , , , , , , , , , , , , , , , , , , , , , ,1551.09 ,1728.69 ,1865.83 ,2092.49 ,2331.57 ,2540.88 ,2755.13 ,2887.77 ,2789.26 ,2644.84 ,2602.31 ,2607.22 ,2481.85 ,2404.54 ,2462.69 ,2514.51 ,2616.86 ,2655.76 ,2725.27 ,2818.81 ,2507.69 , 
Angola,Millions,, , , , , , , , , , , , , , , , , , , , , , , , , , , , , , , , , , , , , , , , , , , , , , , , , , , , ,665385.00 ,1328940.00 ,1967570.00 ,3222350.00 ,4209762.00 ,5006335.00 ,6643353.00 ,5577340.74 ,7701651.48 ,10500941.84 ,12224949.83 ,13195003.55 ,14323859.00 ,13950290.85 ,16549600.00 ,20262300.00 ,25627742.12 ,30833488.64 ,33756462.30 , 
Anguilla,Millions,, , , , , , , , , , , , , , , , , , , , , , , , , , , , , , , , , , , ,76.56 ,96.90 ,116.70 ,146.54 ,183.30 ,207.28 ,213.39 ,227.70 ,256.01 ,283.12 ,284.89 ,301.51 ,333.28 ,369.50 ,395.54 ,405.64 ,418.31 ,425.60 ,460.91 ,542.98 ,618.29 ,765.39 ,959.25 ,957.76 ,763.05 ,722.88 ,784.59 ,756.30 ,760.87 ,840.54 ,892.44 ,864.82 ,767.38 ,865.31 ,1024.88 ,697.79 , 
Antigua and Barbuda,Millions,, , , , , , , , , , , , , ,4.75 ,7.25 ,6.86 ,8.86 ,10.90 ,13.30 ,15.93 ,18.80 ,23.39 ,30.68 ,43.89 ,64.46 ,99.43 ,175.68 ,209.24 ,237.27 ,294.52 ,354.86 ,399.17 ,443.80 ,491.79 ,562.61 ,650.49 ,784.19 ,910.37 ,1076.32 ,1184.75 ,1240.57 ,1300.61 ,1348.06 ,1444.97 ,1591.46 ,1558.66 ,1711.07 ,1837.67 ,1965.22 ,2068.74 ,2231.20 ,2161.30 ,2198.83 ,2312.27 ,2483.27 ,2762.00 ,3125.69 ,3544.45 ,3699.19 ,3316.49 ,3101.49 ,3071.62 ,3239.86 ,3189.91 ,3374.28 ,3609.07 ,3878.78 ,3963.54 ,4336.05 ,4556.34 ,3699.95 , 
Argentina,Millions,, , , , , , , , , , , , , , , , , , , , , , , , , , , , , , , , , , , , , , , , , , , , , , , , , , , , , , ,485115.20 ,582538.20 ,715904.30 ,896980.20 ,1149646.10 ,1247929.30 ,1661720.90 ,2179024.10 ,2637913.80 ,3348308.50 ,4579086.40 ,5954510.90 ,8228159.60 ,10660228.50 ,14744810.70 ,21802256.30 ,27481440.00 ,46687235.70 
"Armenia, Rep. of",Millions,, , , , , , , , , , , , , , , , , , , , , , , , , , , , , , , , , , , , , , , , , , , ,3897.00 ,187064.70 ,522256.30 ,661209.00 ,804335.60 ,955384.80 ,987443.70 ,1031338.30 ,1175876.80 ,1362471.70 ,1624642.70 ,1907945.43 ,2242880.90 ,2656189.80 ,3149283.40 ,3568227.60 ,3141651.00 ,3460202.70 ,3777945.60 ,4266460.50 ,4555638.20 ,4828626.30 ,5043633.22 ,5067293.50 ,5564493.30 ,6017035.20 ,6543321.80 ,6181664.10 , 
"Aruba, Kingdom of the Netherlands",Millions,, , , , , , , , , , , , , , , , , , , , , , , , , , , , , , , , , , , , , , , , , , , , , , , , , , , , , , , , , , , , , , , ,4883.00 ,4996.00 ,5304.00 ,5341.00 ,5535.00 ,5732.00 ,5383.38 ,4060.68 , 
Australia,Millions,, , , , , , , , , , ,17313.00 ,17473.00 ,18551.00 ,20250.00 ,22238.00 ,23908.00 ,25581.00 ,28317.00 ,30891.00 ,34716.00 ,38598.00 ,42663.00 ,46772.00 ,55231.00 ,65960.00 ,76997.00 ,90424.00 ,100659.00 ,111077.00 ,127482.00 ,143819.00 ,164616.00 ,183829.00 ,199119.00 ,224755.00 ,249423.00 ,271411.00 ,305325.00 ,345423.00 ,388584.00 ,413311.00 ,416357.00 ,432040.00 ,454964.00 ,482370.00 ,511780.00 ,542763.00 ,573068.00 ,604670.00 ,637337.00 ,686658.00 ,729932.00 ,782251.00 ,830129.00 ,894439.00 ,963934.00 ,1039033.00 ,1132721.00 ,1235715.00 ,1262608.00 ,1365044.00 ,1468310.00 ,1515110.00 ,1568739.00 ,1613129.00 ,1638321.00 ,1699869.00 ,1802707.00 ,1895315.00 ,1995000.00 ,1968900.00 ,2174291.00 
Austria,Millions,, , , , , , , , , , , , , , , , , , , , , , , , , , , , , , , , , , , , , , , , , , , , , ,176608.75 ,182540.88 ,188723.76 ,196346.61 ,203850.58 ,213606.48 ,220525.08 ,226735.22 ,231862.46 ,242348.26 ,254075.03 ,267824.45 ,283977.97 ,293761.91 ,288044.02 ,295896.64 ,310128.66 ,318653.04 ,323910.20 ,333146.07 ,344269.23 ,357607.95 ,369361.87 ,385423.95 ,397518.54 ,379320.56 ,403370.43 
"Azerbaijan, Rep. of",Millions,, , , , , , , , , , , , , , , , , , , , , , , , , , , , , , , , , , , , , , , , , , , , , , , , , , ,4813.82 ,5315.60 ,6220.08 ,7288.54 ,8766.76 ,13038.20 ,19355.10 ,29552.40 ,41314.70 ,36084.30 ,43283.30 ,52082.00 ,54743.70 ,58182.00 ,59543.70 ,54380.00 ,60425.20 ,70337.80 ,81092.00 ,82896.20 ,72432.20 , 
"Bahamas, The",Millions,, , , , , , , , , , , , , , , , , , , , , , , , , , , , , , , , , , , , , , , , , , , , , , , ,6332.36 ,6833.22 ,7683.87 ,8076.47 ,8317.83 ,8881.16 ,8870.09 ,9055.29 ,9836.20 ,10167.25 ,10618.34 ,10526.00 ,9981.96 ,10095.76 ,10070.45 ,10720.50 ,10618.30 ,11224.20 ,11857.70 ,12242.40 ,12380.20 ,12743.80 ,13165.40 ,9705.20 , 
"Bahrain, Kingdom of",Millions,, , , , , , , , , , , , ,125.18 ,134.69 ,143.46 ,151.08 ,156.90 ,167.50 ,177.11 ,180.51 ,187.05 ,200.97 ,234.54 ,305.55 ,412.56 ,436.59 ,665.04 ,899.34 ,1059.01 ,1190.80 , , , , , , , , , , , , , , ,2410.20 ,2551.90 ,2654.20 ,2750.60 ,2631.20 ,2851.00 ,3407.65 ,3375.05 ,3607.16 ,4164.13 ,4944.46 ,6004.24 ,6957.79 ,8170.48 ,9667.29 ,8624.77 ,9668.19 ,10820.01 ,11561.75 ,12234.87 ,12553.77 ,11675.04 ,12120.35 ,13338.14 ,14157.91 ,14466.12 ,13059.91 , 
Bangladesh,Millions,, , , , , , , , , , , , , , , , , , , , , , , , , , , , , ,250840.05 ,349756.57 ,373749.39 ,419698.83 ,473728.07 ,568261.82 ,651979.99 ,734062.24 ,844306.56 ,928095.50 ,1033291.70 ,1164037.16 ,1282255.69 ,1386957.64 ,1454564.96 ,1571083.77 ,1769545.60 ,1929728.22 ,2096536.86 ,2322493.65 ,2548976.01 ,2750720.11 ,2941701.99 ,3169739.06 ,3487397.49 ,3863228.32 ,4301025.46 ,4823368.00 ,5497998.00 ,6286823.00 ,7050718.00 ,7975387.00 ,9158288.00 ,10552040.00 ,11989232.00 ,13436744.00 ,15158022.00 ,17328637.00 ,19758154.00 ,22504810.00 ,25424840.00 ,27393324.00 , 
Barbados,Millions,,60.50 ,70.40 , , , , , , , , , , , ,148.26 ,162.30 ,172.91 ,190.82 ,207.64 ,235.24 ,261.67 ,298.63 ,357.24 ,400.01 ,485.84 ,674.24 ,991.30 ,1119.28 ,1168.99 ,1308.29 ,1586.30 , , , , , , , , , , , , , , , , , , , , , , , , , , ,8598.50 ,9111.40 ,9189.00 ,9029.80 ,8774.00 ,8986.70 ,9121.50 ,9058.00 ,9230.50 ,9457.40 ,9873.00 ,9886.60 ,9781.50 ,10210.00 ,8514.00 , 
"Belarus, Rep. of",Millions,, , , , , , , , , , , , , , , , , , , , , , , , , , , , , , , , , , , , , , , , ,0.00 ,0.00 ,0.01 ,0.30 ,5.35 ,11.72 ,18.52 ,35.42 ,67.79 ,292.16 ,913.38 ,1717.32 ,2613.83 ,3656.48 ,4999.18 ,6506.71 ,7926.70 ,9716.53 ,12979.08 ,13744.22 ,17046.58 ,30724.50 ,54761.67 ,67068.85 ,80579.27 ,89909.81 ,94949.00 ,105748.20 ,122319.70 ,134732.10 ,149720.80 , 
Belgium,Millions,, , , , , , , , , , , , , , , , , , , , , , , , , , , , , , , , , , , , , , , , , , , , , ,210489.10 ,214287.10 ,224101.50 ,232623.80 ,242307.60 ,256376.40 ,264334.90 ,273255.90 ,281200.20 ,296819.70 ,310037.60 ,325151.50 ,343618.90 ,351743.10 ,346472.80 ,363140.10 ,375967.80 ,386174.70 ,392880.00 ,403003.30 ,416701.40 ,430085.30 ,445050.10 ,460091.70 ,478238.90 ,456731.50 ,507194.20 
Belize,Millions,, , , , , , , , , , , , , ,41.61 ,65.19 ,62.38 ,60.51 ,51.95 ,33.82 ,34.59 ,44.19 ,55.96 ,70.61 ,117.28 ,154.81 ,188.21 ,181.55 ,212.08 ,212.88 ,280.33 ,344.50 ,358.88 ,358.57 ,378.04 ,421.88 ,418.46 ,455.83 ,533.14 ,629.92 ,726.43 ,824.17 ,889.44 ,1036.48 ,1119.72 ,1161.73 ,1240.28 ,1282.77 ,1308.63 ,1377.98 ,1465.46 ,1664.14 ,1743.72 ,1865.10 ,1962.87 ,2101.73 ,2205.13 ,2421.21 ,2543.20 ,2702.68 ,2598.93 ,2754.35 ,2921.60 ,3045.80 ,3158.82 ,3334.67 ,3443.40 ,3578.61 ,3717.06 ,3831.80 ,3965.04 ,3412.58 , 
Benin,Millions,, , , , , , , , , , , , ,148214.99 ,168532.14 ,187659.49 ,203306.84 ,218253.22 ,228257.42 ,244301.30 ,256522.03 ,278269.18 ,291533.47 ,329969.72 ,360678.62 ,381585.29 ,261233.61 ,294889.59 ,342353.29 ,381751.12 ,448142.60 , , , , , , , , , , , , , , , , , , , , , , , , , , , , , , , , , , , ,6732814.00 ,7005230.00 ,7375302.20 ,7922004.06 ,8432247.51 ,9008807.34 , 
Bermuda,Millions,, , , , , , , , , , , , , , , , , , , , , , , , , , , , , , , , , , , , , , , , , , , , , , , , , , , , , , , , , , ,6085.19 ,5983.69 ,5945.28 ,5736.38 ,5668.91 ,5653.43 ,5672.07 ,5843.93 , , , , , , 
Bhutan,Millions,, , , , , , , , , , , , , ,261.76 ,277.37 ,290.53 ,319.15 ,350.12 ,367.17 ,400.09 ,443.94 ,476.13 ,510.67 ,585.48 ,720.94 ,697.11 ,759.47 ,819.49 ,738.62 ,820.64 , , , , , , , , , , , , , , , , , , , , , , , , , , , , , , ,70782.71 ,82938.12 ,95186.52 ,102909.95 ,116388.56 ,128534.63 ,145072.86 ,159571.70 ,167339.97 ,178561.73 ,171572.90 , 
Bolivia,Millions,, , , , , , , , , , , , , , , , , , , , ,0.01 ,0.01 ,0.02 ,0.03 ,0.04 ,0.05 ,0.06 ,0.07 ,0.08 ,0.09 ,0.12 ,0.16 ,0.40 ,1.46 ,23.22 ,2866.71 ,8924.09 ,10178.00 ,10805.50 ,12693.91 ,15443.14 ,19132.13 ,22014.00 ,24459.00 ,27636.00 ,32235.00 ,37536.65 ,41643.87 ,46822.33 ,48156.17 ,51928.49 ,53790.33 ,56682.33 ,61904.45 ,69626.11 ,77023.80 ,91747.80 ,103009.00 ,120694.00 ,121727.00 ,137876.00 ,166231.56 ,187153.88 ,211856.03 ,228003.66 ,228031.37 ,234533.00 ,259185.00 ,278387.65 ,282586.64 ,252717.68 , 
Bosnia and Herzegovina,Millions,, , , , , , , , , , , , , , , , , , , , , , , , , , , , , , , , , , , , , , , , , , , , , , , , , , ,11819.60 ,12678.17 ,13982.39 ,14728.01 ,15998.15 ,17650.34 ,20057.22 ,22547.86 ,25519.33 ,24798.52 ,25364.95 ,26231.26 ,26222.71 ,26778.76 ,27358.71 ,28589.05 ,29904.46 ,31376.24 ,33444.08 ,35295.75 ,34254.96 ,37324.39 
Botswana,Millions,, , , , , , , , , , , , , , , , , , , , , , , , , , , , , , , , , , , , , , , , , , , , , , , , , , , , , , , , , , , , , , , , ,140517.82 ,137539.20 ,164418.20 ,166473.50 ,172525.30 ,178480.40 ,172552.40 , 
Brazil,Millions,, , , , , , , , , , , , , , , , , , , , , , , , , , , , , , , , , , , , , , , , , , , , , , ,854763.60 ,952089.20 ,1002351.00 ,1087710.50 ,1199092.10 ,1315755.50 ,1488787.30 ,1717950.40 ,1957751.20 ,2170584.50 ,2409449.90 ,2720262.90 ,3109803.10 ,3333039.40 ,3885847.00 ,4376382.00 ,4814760.00 ,5331619.00 ,5778953.00 ,5995787.00 ,6269328.00 ,6585479.00 ,7004141.00 ,7389131.00 ,7467616.40 ,8679489.60 
Brunei Darussalam,Millions,, , , , , , , , , , , , , , , , , , , , , , , , , , , , , , , , , , , , , , , , , , , , , , , , , , , , , , , , , , , , , , , , , ,17778.01 ,15747.72 ,16747.44 ,18300.66 ,18374.99 ,16564.44 , 
Bulgaria,Millions,, , , , , , , , , , , , , , , , , , , , , , , , , , , , , , , , , , , , , , , , , , , , , ,1275.68 ,2187.14 ,19032.36 ,26460.04 ,25042.94 ,28124.88 ,30986.69 ,34068.71 ,36637.91 ,41201.30 ,47017.24 ,53608.44 ,63454.89 ,72790.35 ,73181.47 ,74877.68 ,81124.45 ,82645.91 ,82241.82 ,84150.30 ,89599.76 ,95390.49 ,102740.64 ,109964.19 ,120395.23 ,119951.09 ,132744.28 
Burkina Faso,Millions,, , , , , , , , , , , , ,128659.38 ,161352.19 ,173986.99 ,183113.34 ,198591.47 ,192048.22 ,195316.16 ,231963.18 ,259080.81 ,267194.62 ,203437.58 ,207242.45 ,243541.21 ,286366.08 ,260616.29 ,333151.89 ,377206.54 ,447269.23 , , , , , , , , , , , , , , , , , , , ,2086187.98 ,2108160.11 ,2336620.42 ,2512872.15 ,2749159.24 ,2874882.70 ,3240716.11 ,3420539.89 ,3649928.07 ,4215340.62 ,4444600.58 ,5002181.84 ,5692822.88 ,6413105.90 ,6640134.95 ,6884466.39 ,6995311.00 ,7605123.00 ,8191299.00 ,8920421.28 ,9369187.71 ,9997387.36 , 
Burundi,Millions,, , , , , , , , , , , , , ,10790.25 ,11953.02 ,13241.08 ,14667.95 ,14651.31 ,15846.81 ,17875.23 ,19560.61 ,23864.54 ,22110.07 ,25104.31 ,28819.37 ,33712.53 ,38837.40 ,46633.90 ,48210.84 ,61821.11 ,85545.97 ,89022.49 ,94026.92 ,102818.65 ,120365.13 ,141246.24 ,140741.60 ,143487.64 ,152798.00 ,179420.01 ,193661.85 ,211848.87 ,225439.18 ,227737.54 ,233554.39 ,249686.88 ,262893.36 ,342542.34 ,399881.03 ,487880.42 ,627261.97 ,727963.00 ,768145.29 ,849381.92 ,1007491.57 ,1208244.00 ,1309900.00 ,1467231.00 ,1911139.00 ,2184177.00 ,2501047.00 ,2819534.00 ,3365810.00 ,3812500.00 ,4184999.00 ,4879793.00 ,4897101.00 ,5485068.00 ,5414485.00 ,5559586.34 ,5821376.84 , 
Cabo Verde,Millions,, , , , , , , , , , , , , , , , , , , , , , , , , , , , , , , , , , , , , , , , , , , , , , , , , , , , , , , , , ,121974.00 ,134698.00 ,135879.00 ,138569.00 ,147924.00 ,150351.00 ,153723.00 ,154436.00 ,158699.00 ,165782.18 ,173097.40 ,183697.95 ,195202.29 ,164910.71 , 
Cambodia,Millions,, , , , , , , , , , , , , , , , , , , , , , , , , , , , , , , , , , , , , , , , , , , ,6813193.50 ,7105040.20 ,8433706.91 ,9201920.59 ,10145328.87 ,11720318.19 ,13376073.14 ,14082638.23 ,15633218.03 ,16780539.57 ,18535164.49 ,21438339.67 ,25754291.42 ,29849484.83 ,35042180.74 ,41968385.40 ,43056731.75 ,47047985.23 ,52068692.72 ,56616800.45 ,62219524.10 ,67740449.59 ,73422701.56 ,81241866.02 ,89830524.85 ,99544274.79 ,110014048.20 ,103511610.00 , 
Cameroon,Millions,, , , , , , , , , , , , , , , , , , , , , , , , , , , , , , , , , , , , , , , , , , , ,4582080.00 ,4942680.00 ,5423130.00 ,5674930.00 ,6297480.00 ,6665360.00 ,7118460.00 ,7504470.00 ,8022310.00 ,8614010.00 ,9261140.00 ,9927780.00 ,10286730.00 ,10924190.00 ,11452870.00 ,12360950.00 ,13136690.00 ,13610550.00 ,14434770.00 ,15395860.00 ,16658550.00 ,17966120.00 ,19043070.00 ,20038570.00 ,20960870.00 ,22203330.00 ,23243660.00 ,23486470.00 , 
Canada,Millions,, , , , , , , , , , , ,42099.00 ,45816.00 ,49302.00 ,54068.00 ,59659.00 ,66809.00 ,71913.00 ,78569.00 ,86518.00 ,93237.00 ,101767.00 ,113625.00 ,133080.00 ,158306.00 ,178045.00 ,206007.00 ,227579.00 ,252044.00 ,287574.00 ,322748.00 ,368358.00 ,388181.00 ,421316.00 ,461986.00 ,500027.00 ,526630.00 ,574336.00 ,626894.00 ,671579.00 ,695501.00 ,701773.00 ,718436.00 ,747037.00 ,791972.00 ,831621.00 ,859834.00 ,906926.00 ,940548.00 ,1007927.00 ,1106071.00 ,1144543.00 ,1193694.00 ,1254747.00 ,1335731.00 ,1421590.00 ,1496604.00 ,1577661.00 ,1657041.00 ,1571334.00 ,1666048.00 ,1774063.00 ,1827201.00 ,1902247.00 ,1994898.00 ,1990441.00 ,2025535.00 ,2140641.00 ,2231168.00 ,2310712.00 ,2204905.00 ,1990761.61 
Cayman Islands,Millions,, , , , , , , , , , , , , , , , , , , , , , , , , , , , , , , , , , , , , , , , , , , , , , , , , , , , , , , , ,3500.23 ,3721.88 ,3821.61 ,3568.08 ,3464.02 ,3488.38 ,3575.82 ,3671.48 ,3802.36 ,3923.46 ,4091.09 ,4305.22 ,4602.00 ,4946.28 , , 
Central African Rep.,Millions,, , , , , , , , , , , , , , , , , , , , , , , , , , , , , , , , , , , , , , , , , , , , , , , , , , , , , , , , , , , , ,1060142.00 ,1148896.00 ,1281561.00 ,835453.00 ,935578.00 ,1002592.00 ,1081516.00 ,1203324.00 ,1233635.00 , , , 
Chad,Millions,, , , , , , , , , , , , , ,39725.91 ,45376.99 ,50995.66 ,57321.95 ,59764.70 ,61566.12 ,69126.06 ,82345.87 ,91222.76 ,95971.64 ,108588.93 ,124507.67 ,153469.94 ,158975.84 ,174998.69 ,191330.45 ,162668.75 ,166129.78 ,251026.28 ,283844.61 ,352321.75 ,435069.21 ,441746.04 ,419240.59 ,412379.29 ,477902.79 ,483334.79 ,497141.12 ,510381.62 ,499179.36 ,466681.32 ,741299.96 ,816756.17 ,930503.12 ,1020296.98 ,1164874.90 ,1069308.50 ,1115968.74 ,1417998.28 ,1567753.45 ,1799591.41 ,2639318.02 ,3518122.00 ,3892340.56 ,4157425.94 ,4652385.71 ,4385555.78 ,5290607.78 ,5742404.33 ,6332447.36 ,6417737.78 ,6912490.12 ,6474072.97 ,6047145.88 ,5854572.30 ,6127318.18 ,6406367.22 ,6227925.27 , 
Chile,Millions,, , , , , , , , , , , , , , , , , , , , , , , , , , , , , , , , , , , , , , , , , , , , , , ,32393861.80 ,35946985.00 ,37741618.70 ,38461785.40 ,42215029.90 ,45409054.80 ,48428963.20 ,52897338.90 ,60391763.20 ,68467939.80 ,81577533.50 ,90159479.20 ,93867121.30 ,96138477.30 ,110777866.90 ,121509298.50 ,129973394.00 ,137309192.00 ,147951290.00 ,158622902.90 ,168764687.90 ,179314910.10 ,189434867.40 ,195816484.60 ,200343720.60 ,240633267.30 
"China, P.R.: Hong Kong",Millions,, , , , , , , , , , , ,7455.00 ,8687.00 ,10427.00 ,11888.00 ,13953.00 ,14282.00 ,15475.00 ,16533.00 ,19437.00 ,23106.00 ,26681.00 ,32213.00 ,41327.00 ,47240.00 ,49589.00 ,63156.00 ,73284.00 ,85782.00 ,112691.00 ,143619.00 ,173578.00 ,196005.00 ,217281.00 ,261992.00 ,278128.00 ,320525.00 ,394770.00 ,466076.00 ,536558.00 ,599256.00 ,691323.00 ,807130.00 ,931010.00 ,1049610.00 ,1119006.00 ,1235301.00 ,1373083.00 ,1308074.00 ,1285946.00 ,1337501.00 ,1321142.00 ,1297341.00 ,1256669.00 ,1316949.00 ,1412125.00 ,1503351.00 ,1650756.00 ,1707487.00 ,1659245.00 ,1776332.00 ,1934430.00 ,2037059.00 ,2138305.00 ,2260005.00 ,2398280.00 ,2490598.00 ,2659611.00 ,2835429.00 ,2844843.00 ,2675314.00 ,2861620.00 
"China, P.R.: Macao",Millions,, , , , , , , , , , , , , , , , , , , , , , , , , , , , , , , , , , , , , , , , , , , , , , , , , , , ,55112.00 ,59219.00 ,66146.00 ,85382.00 ,97416.00 ,119015.00 ,148181.00 ,168639.00 ,172363.00 ,225998.00 ,295438.00 ,345080.00 ,411738.00 ,438516.00 ,359806.00 ,360460.00 ,404966.00 ,446429.00 ,445119.00 ,194398.00 , 
China,Millions,, , , , , , , , , , , , , , , , , , , , , , , , , , , , , , , , , , , , , , , , , , ,2719450.00 ,3567330.00 ,4863740.00 ,6133990.00 ,7181370.00 ,7971510.00 ,8519550.00 ,9056430.00 ,10028010.00 ,11086310.00 ,12171740.00 ,13742210.00 ,16184020.00 ,18731900.00 ,21943850.00 ,27009230.00 ,31924450.00 ,34851770.00 ,41211920.00 ,48794010.00 ,53857980.00 ,59296330.00 ,64356300.00 ,68885820.00 ,74639500.00 ,83203600.00 ,91928110.00 ,98651520.00 ,101356700.00 ,114366970.00 
Colombia,Millions,, , , , , , , , , , , , , , , , , , , , , , , , , , , , , , , , , , , , , , , , , , , , , , , , , , , , , , , ,337958000.00 ,381604000.00 ,428506000.00 ,476554000.00 ,501574000.10 ,544060000.00 ,619023000.00 ,666507000.00 ,714093000.00 ,762903000.00 ,804692000.00 ,863782000.10 ,920471000.00 ,987791000.00 ,1060068000.00 ,998719000.00 ,1176694335.90 
"Comoros, Union of the",Millions,, , , , , , , , , , , , , , , , , , , , , , , , , , , , , , , , , , , , , , , , , , , , , , , , , , , , , , , , , ,285627.00 ,306288.00 ,319332.00 ,336947.00 ,361596.00 ,388984.00 ,413477.00 ,425713.00 ,428346.00 ,450159.00 ,469217.00 ,495235.00 ,525167.00 ,526820.00 , 
"Congo, Dem. Rep. of the",Millions,, , , , , , , , , , , , , , , , , , , , , , , , , , , , , , , , , , , , , , , , , , , , , , , , , , ,1317075.20 ,2231454.68 ,3025871.42 ,3623250.49 ,4113633.07 ,5670065.00 ,6767519.55 ,8648878.51 ,11067568.51 ,15101187.90 ,19536676.93 ,23759424.58 ,26954556.93 ,30051179.40 ,33223988.46 ,35111225.97 ,37517392.39 ,55676093.13 ,76495500.37 ,83048340.00 ,90181047.76 , 
"Congo, Rep. of",Millions,, , , , , , , , , , , , , ,64812.60 ,70384.68 ,79051.53 ,83349.84 ,87635.19 ,94624.93 ,99603.03 ,104912.49 ,115333.48 ,133139.41 ,146222.19 ,177580.29 ,201633.80 ,215934.45 ,226217.04 ,251733.08 ,322519.60 ,457494.21 ,482358.35 ,508573.82 ,536214.06 ,565356.51 ,596082.81 ,628479.04 ,662635.96 ,698649.26 ,790558.83 ,792040.00 ,856262.93 ,868307.50 ,850510.65 ,1148313.26 ,1226473.27 ,1452993.06 ,1498784.52 ,1321287.53 ,1627098.91 ,2580266.48 ,2226897.31 ,2320858.30 ,2240806.97 ,2690990.12 ,3506269.00 ,4217179.00 ,4203698.00 ,5195837.00 ,4572804.99 ,6505751.32 ,7377577.60 ,9033228.00 ,8869805.40 ,8844629.47 ,7029660.32 ,6021963.75 ,6453235.43 ,7577812.67 ,7493809.07 ,5936526.54 , 
Costa Rica,Millions,, , , , , , , , , , , , , , , , , , , , , , , , , , , , , , , , , , , , , , , , , ,881040.10 ,1151917.90 ,1362412.40 ,1647124.70 ,2079862.90 ,2425725.60 ,2934156.50 ,3519453.80 ,4072330.20 ,4627050.50 ,5254084.50 ,5965391.30 ,6885560.00 ,8150137.80 ,9577022.20 ,11613320.00 ,13889052.90 ,16208974.70 ,17626147.70 ,19802010.60 ,21623524.60 ,23752868.60 ,25462954.60 ,28001327.60 ,30171918.90 ,32056288.20 ,34343647.50 ,36014718.70 ,37832149.80 ,36356271.50 ,39993109.70 
CÃ´te d'Ivoire,Millions,, , , , , , , , , , , , , , , , , , , , , , , , , , , , , , , , , , , , , , , , , , , , , , , , , , , , , , , , , , , , , , , , , ,27086200.00 ,28423900.00 ,29955000.00 ,32222300.00 ,34298900.00 ,35193000.00 , 
"Croatia, Rep. of",Millions,, , , , , , , , , , , , , , , , , , , , , , , , , , , , , , , , , , , , , , , , , , , , , ,118827.51 ,130828.33 ,148415.65 ,164127.44 ,168386.92 ,180782.42 ,194138.02 ,213122.26 ,234578.36 ,253193.90 ,272357.48 ,296914.77 ,324783.33 ,349157.25 ,333332.50 ,332222.89 ,337571.78 ,334591.92 ,335955.16 ,335292.15 ,344034.41 ,355920.33 ,372354.87 ,390855.98 ,412228.31 ,378341.17 ,430621.02 
Cyprus,Millions,, , , , , , , , , , , , , , , , , , , , , , , , , , , , , , , , , , , , , , , , , , , , , ,7678.31 ,7979.50 ,8373.44 ,9059.78 ,9731.56 ,10594.98 ,11416.89 ,11877.04 ,12845.29 ,13856.44 ,14822.31 ,16000.02 ,17511.58 ,19009.58 ,18675.49 ,19409.97 ,19803.03 ,19440.78 ,17994.97 ,17430.16 ,17883.96 ,18929.34 ,20245.26 ,21612.60 ,23009.94 ,21617.93 ,23436.70 
Czech Rep.,Millions,, , , , , , , , , , , , , , , , , , , , , , , , , , , , , , , , , , , , , , , , , , , , , ,1596306.00 ,1829255.00 ,1971024.00 ,2156624.00 ,2252983.00 ,2386289.00 ,2579126.00 ,2690982.00 ,2823452.00 ,3079207.00 ,3285601.00 ,3530881.00 ,3859533.00 ,4042860.00 ,3954320.00 ,3992870.00 ,4062323.00 ,4088912.00 ,4142811.00 ,4345766.00 ,4625378.00 ,4796873.00 ,5110743.00 ,5409665.00 ,5790348.00 ,5694387.00 ,6120632.00 
Denmark,Millions,, , , , , , , , , , , , , , , , ,82414.20 ,90845.93 ,101291.80 ,115611.77 ,128065.93 ,141736.37 ,161448.78 ,185904.93 ,208204.50 ,232574.03 ,269461.27 ,298865.34 ,332877.42 ,370196.80 ,400867.64 ,440780.42 ,503383.99 ,554596.53 ,612129.30 ,663955.25 ,712645.25 ,748427.48 ,777843.99 ,821733.90 ,855557.15 ,890550.72 ,923014.18 ,928466.13 ,993286.48 ,1036482.55 ,1088023.69 ,1146129.39 ,1185987.56 ,1241520.75 ,1326911.50 ,1371526.22 ,1410271.03 ,1436751.24 ,1506000.80 ,1585984.17 ,1682260.21 ,1738845.30 ,1801469.91 ,1722142.51 ,1810925.60 ,1846853.61 ,1895002.25 ,1929677.03 ,1981164.99 ,2036356.22 ,2107808.22 ,2192960.00 ,2253316.25 ,2318041.86 ,2329561.40 ,2496639.91 
Djibouti,Millions,, , , , , , , , , , , , , , , , , , , , , , , , , , , , , , , , , , , , , , , , ,112800.00 ,115400.00 ,119300.00 ,116300.00 ,122700.00 ,124200.00 ,123200.00 ,125400.00 ,128300.00 ,134900.00 ,138700.00 ,144100.00 ,148700.00 ,156500.00 ,166200.00 ,176800.00 ,191800.00 ,211500.00 ,245400.00 ,253200.00 ,274100.00 ,309000.00 ,337700.00 ,363100.00 ,393900.00 ,434600.00 ,465400.00 ,491700.00 ,535400.00 ,594700.00 ,611300.00 , 
Dominica,Millions,, , , , , , , , , , , , , , , , , , , , , , , , , , , , , , , , , , , , , , , , , , , , , , , , , , , , , , , , , , , , ,1333.33 ,1352.77 ,1312.19 ,1345.40 ,1405.16 ,1459.99 ,1555.82 ,1408.19 ,1497.88 ,1651.15 ,1361.38 , 
Dominican Rep.,Millions,, , , , , , , , , , , , , , , , , , , , , , , , , , , , , , , , , , , , , , , , , , , , , ,214122.96 ,235250.33 ,280362.82 ,318648.99 ,350520.12 ,393302.97 ,427319.07 ,477430.19 ,628611.04 ,935984.73 ,1083445.00 ,1261399.67 ,1458416.52 ,1661642.68 ,1736041.06 ,1983201.68 ,2210213.93 ,2386016.25 ,2619769.70 ,2925665.10 ,3205655.14 ,3487292.51 ,3802655.77 ,4235846.77 ,4562235.08 ,4456657.38 , 
Ecuador,Millions,,483.00 ,517.40 , , , , , , , , , , , , , , , , , , , , , , , , , , , , , , , , , , , , , , , , , , , , , , , , , , , , , , , ,51007.78 ,61762.64 ,62519.69 ,69555.37 ,79276.66 ,87924.54 ,95129.66 ,101726.33 ,99290.38 ,99937.70 ,104295.86 ,107562.01 ,108108.01 ,99291.12 , 
"Egypt, Arab Rep. of",Millions,, , , , , , , , , , , , ,1726.89 ,1841.21 ,1967.13 ,2324.12 ,2831.07 ,2987.01 ,3000.11 ,3270.97 ,3458.13 ,3740.11 ,3965.62 ,4080.44 ,4754.22 ,5962.62 ,7050.15 ,8632.62 ,10290.79 ,13159.22 ,16466.10 ,18032.10 ,21335.00 ,26077.70 ,29321.70 ,34188.70 ,37853.10 ,54151.00 ,64770.90 ,80753.30 ,101046.80 ,116924.10 ,146260.30 ,165169.00 ,184008.30 ,214501.00 ,241208.50 ,270439.60 ,302194.10 ,323433.90 ,357606.90 ,377164.30 ,398404.20 ,438991.10 ,510281.20 ,566219.70 ,649496.60 ,783139.10 ,941596.50 ,1095848.00 ,1268710.60 ,1441678.40 ,1674700.00 ,1860400.00 ,2130000.00 ,2443900.00 ,2709400.00 ,3470000.00 ,4437400.00 ,5322100.00 ,5842500.00 , 
El Salvador,Millions,, , , , , , , , , , , , , , , , , , , , , , , , , , , , , , , , , , , , , , , , , , , , , , , , , , , , , , , ,14698.00 ,15999.89 ,17011.75 ,17986.89 ,17601.62 ,18447.92 ,20283.78 ,21386.15 ,21990.96 ,22593.47 ,23438.24 ,24191.43 ,24979.19 ,26020.85 ,26896.66 ,24638.72 , 
"Equatorial Guinea, Rep. of",Millions,, , , , , , , , , , , , , , , , , , , , , , , , , , , , , , , , , , , , , , , , , , , , , , , , , , , , , , , , ,5274150.00 ,6264840.00 ,8844110.00 ,7095920.00 ,8072290.00 ,10064600.00 ,11430500.00 ,10840500.00 ,10746900.00 ,7795420.00 ,6661366.44 ,7084543.00 ,7274689.04 ,6689508.95 ,5768440.49 , 
"Eritrea, The State of",Millions,, , , , , , , , , , , , , , , , , , , , , , , , , , , , , , , , , , , , , , , , , , ,1696.00 ,1956.00 ,2670.00 ,3052.00 ,3683.00 ,4138.00 ,4611.00 ,5008.00 ,5262.00 ,6585.00 ,7878.00 ,9347.00 ,11834.00 ,13064.00 ,14411.00 ,15682.00 ,14186.00 ,19936.00 ,24439.00 ,31749.00 ,34669.00 ,30104.00 ,40040.00 ,30953.00 ,33366.00 ,28702.00 ,30235.00 ,29876.00 ,31415.00 , 
"Estonia, Rep. of",Millions,, , , , , , , , , , , , , , , , , , , , , , , , , , , , , , , , , , , , , , , , , , , , , ,2861.64 ,3679.97 ,4573.00 ,5100.43 ,5406.89 ,6171.64 ,6987.07 ,7822.58 ,8744.43 ,9777.46 ,11343.27 ,13568.93 ,16401.33 ,16618.06 ,14131.86 ,14741.10 ,16677.26 ,17916.68 ,18910.78 ,20048.23 ,20631.36 ,21747.91 ,23833.61 ,25817.68 ,27732.29 ,26834.52 ,30660.09 
"Eswatini, Kingdom of",Millions,, , , , , , , , , , , , , , , , , , , , , , , , , , , , , , , , , , , , , , , , , , , , , , , , , , ,11630.00 ,13482.00 ,13871.00 ,16348.00 ,17461.00 ,18601.00 ,23688.00 ,26511.00 ,27550.00 ,30761.00 ,31562.00 ,34897.00 ,38868.00 ,42560.00 ,48436.00 ,53620.00 ,57167.00 ,60325.00 ,60579.00 ,66137.00 ,68174.00 , 
"Ethiopia, The Federal Dem. Rep. of",Millions,, , , , , , , , , , , ,4377.91 ,4557.78 ,4779.01 ,5264.65 ,5860.00 ,6084.83 ,6482.33 ,6901.42 ,7295.32 ,8023.78 ,8471.64 ,8532.80 ,9004.04 ,9986.10 ,9933.94 ,10799.10 ,12277.59 ,13067.19 ,14367.62 , , , , , , , , , , , , , , , , , , , , ,65986.25 ,67351.03 ,65895.00 ,72703.00 ,85800.00 ,105415.00 ,130334.00 ,170281.00 ,245836.00 ,332060.00 ,379135.00 ,515079.00 ,747327.00 ,866921.00 ,1060830.00 ,1297960.00 ,1568097.45 ,1832785.96 ,2200120.59 ,2690751.35 ,3374349.17 , 
Euro Area,Millions,, , , , , , , , , , , , , , , , , , , , , , , , , , , , , , , , , , , , , , , , , , , , , ,5741000.98 ,5984797.59 ,6129357.16 ,6379579.65 ,6671446.56 ,7022525.56 ,7351794.99 ,7600741.51 ,7820333.82 ,8153458.47 ,8444524.07 ,8893188.02 ,9386833.19 ,9620164.20 ,9272325.40 ,9533184.25 ,9797236.21 ,9836961.36 ,9935447.41 ,10168543.28 ,10522115.64 ,10816231.24 ,11222413.84 ,11600283.68 ,11984249.98 ,11405448.05 ,12253898.39 
"Fiji, Rep. of",Millions,,38.50 ,44.70 , , , , , , , , , , , , , , , , , , , , , , , , , , , , ,983.70 ,1056.00 ,1113.40 ,1142.20 ,1275.30 ,1316.40 ,1461.70 ,1465.20 ,1587.60 ,1754.30 ,1980.00 ,2042.00 ,2303.20 ,2522.50 ,2673.10 ,2770.90 ,2987.20 ,3017.60 ,3284.50 ,3814.10 ,3572.30 ,3762.00 ,4009.20 ,4361.20 ,4693.10 ,5040.00 ,5325.70 ,5440.10 ,5614.90 ,5614.10 ,6024.40 ,6768.50 ,7109.50 ,7715.70 ,9167.00 ,9822.10 ,10327.30 ,11065.00 ,11650.50 ,11874.10 ,9747.09 , 
Finland,Millions,, , , , , , , , , , , , , , , , , , , , , , , , , , , , , , ,33657.00 ,38067.00 ,42803.00 ,47752.00 ,53460.00 ,58245.00 ,62693.00 ,67716.00 ,76723.00 ,85891.00 ,90959.00 ,86899.00 ,84782.00 ,85708.00 ,90749.00 ,98549.00 ,102083.00 ,110807.00 ,120474.00 ,126916.00 ,136442.00 ,144628.00 ,148486.00 ,151749.00 ,158758.00 ,164687.00 ,172897.00 ,187072.00 ,194265.00 ,181747.00 ,188143.00 ,197998.00 ,201037.00 ,204321.00 ,206897.00 ,211385.00 ,217518.00 ,226301.00 ,233468.00 ,239852.00 ,237995.00 ,252934.00 
France,Millions,,15513.00 ,19542.00 ,22771.00 ,23616.00 ,25082.00 ,26958.00 ,29714.00 ,33545.00 ,38729.00 ,42263.00 ,46834.00 ,50775.00 ,56906.00 ,63794.00 ,70755.00 ,76422.00 ,82826.00 ,89545.00 ,97683.00 ,112366.00 ,125698.00 ,140192.00 ,156487.00 ,179495.00 ,209367.00 ,235876.00 ,272612.00 ,306807.00 ,348615.00 ,398210.00 ,451770.00 ,509985.00 ,585989.00 ,650512.00 ,707030.00 ,757689.00 ,814596.00 ,855983.00 ,925215.00 ,997121.00 ,1053546.00 ,1091705.00 ,1130983.00 ,1142119.00 ,1179867.00 ,1218273.00 ,1252266.00 ,1292777.00 ,1351896.00 ,1400999.00 ,1478585.00 ,1538200.00 ,1587829.00 ,1630666.00 ,1704019.00 ,1765905.00 ,1848151.00 ,1941360.00 ,1992380.00 ,1936422.00 ,1995289.00 ,2058369.00 ,2088804.00 ,2117189.00 ,2149765.00 ,2198432.00 ,2234129.00 ,2297242.00 ,2363306.00 ,2437635.00 ,2302860.00 ,2483616.00 
Gabon,Millions,, , , , , , , , , , , , , , , , , , , , , , , , , , , , , , , , , , , , , , , , , , , , , , , , , , , ,3679000.00 ,3701300.00 ,3776200.00 ,4097500.00 ,4989300.00 ,5309400.00 ,5961600.00 ,6944800.00 ,5738100.00 ,7111500.00 ,8581600.00 ,8766500.00 ,8690500.00 ,8988300.00 ,8503400.00 ,8310600.00 ,8669100.00 ,9368900.00 ,9886900.00 ,8816100.00 , 
"Gambia, The",Millions,, , , , , , , , , , , , , , , , , , , , , , , , , , , , , , , , , , , , , , , , , , , , , , , , , , , , , , ,28885.96 ,29367.00 ,29584.43 ,31830.61 ,34659.28 ,38638.12 ,43230.71 ,41531.72 ,45389.30 ,49463.60 ,51309.08 ,58581.06 ,64389.94 ,70142.19 ,80445.80 ,90793.76 ,94269.38 , 
Georgia,Millions,, , , , , , , , , , , , , , , , , , , , , , , , , , , , , , , , , , , , , , , , , , , , , , ,3868.48 ,4554.93 ,5022.10 ,5668.70 ,6043.06 ,6674.00 ,7456.03 ,8564.09 ,9824.30 ,11620.94 ,13789.91 ,16993.78 ,19074.85 ,17985.95 ,21821.57 ,25478.72 ,27227.33 ,28593.05 ,31124.10 ,33935.02 ,35836.02 ,40761.66 ,44599.34 ,49252.65 ,49266.74 , 
Germany,Millions,, , , , , , , , , , , , , , , , , , , , ,360600.00 ,400240.00 ,436370.00 ,486020.00 ,526020.00 ,551010.00 ,597400.00 ,636540.00 ,678940.00 ,737370.00 ,788520.00 ,825790.00 ,860210.00 ,898270.00 ,942000.00 ,984410.00 ,1037130.00 ,1065130.00 ,1123290.00 ,1200660.00 ,1306680.00 ,1585800.00 ,1702060.00 ,1750890.00 ,1829550.00 ,1894610.00 ,1921380.00 ,1961150.00 ,2014420.00 ,2059480.00 ,2109090.00 ,2172540.00 ,2198120.00 ,2211570.00 ,2262520.00 ,2288310.00 ,2385080.00 ,2499550.00 ,2546490.00 ,2445730.00 ,2564400.00 ,2693560.00 ,2745310.00 ,2811350.00 ,2927430.00 ,3026180.00 ,3134740.00 ,3267160.00 ,3367860.00 ,3473350.00 ,3367560.00 ,3570620.00 
Ghana,Millions,,0.05 ,0.05 ,0.06 ,0.05 ,0.06 , , , , , , , ,0.38 ,0.26 ,0.30 ,0.38 ,0.43 ,0.39 ,0.44 ,0.50 ,0.55 ,0.61 ,0.69 ,0.86 ,1.14 ,1.30 ,1.65 ,2.74 ,5.14 ,6.92 , , , , , , , , , , , , , , , , , , , , , , , , , , , , , , , , , ,123650.00 ,155432.50 ,180399.00 ,215077.00 ,256671.40 ,300596.10 ,349480.40 , , 
Greece,Millions,, , , , , , , , , , , , , , , , , , , , , , , , , , , , , , , , , , , , , , , , , , , , , ,93063.60 ,103036.64 ,114712.18 ,125262.55 ,133788.73 ,141247.28 ,152193.84 ,163460.76 ,178904.90 ,193715.82 ,199242.31 ,217861.57 ,232694.59 ,241990.39 ,237534.18 ,224124.03 ,203308.22 ,188380.64 ,179884.38 ,177235.98 ,176368.86 ,174494.18 ,176903.37 ,179557.68 ,183250.40 ,165326.43 ,182830.15 
Grenada,Millions,, , , , , , , , , , , , , , , , , , , , , , , , , , , , , , , , , , , , , , , , , , , , , , , , , , ,1404.12 ,1405.20 ,1458.91 ,1595.75 ,1617.62 ,1877.50 ,1886.49 ,2048.45 ,2230.14 ,2082.45 ,2081.74 ,2102.37 ,2159.68 ,2274.94 ,2461.21 ,2691.92 ,2866.40 ,3042.58 ,3153.71 ,3211.78 ,2777.27 , 
Guatemala,Millions,, , , , , , , , , , , , , , , , , , , , , , , , , , , , , , , , , , , , , , , , , , , , , , , , , , , , , , , , , , , , , , , ,416383.22 ,447326.33 ,476022.82 ,502001.70 ,526507.41 ,550469.98 ,592799.95 ,599235.81 , 
Guinea,Millions,, , , , , , , , , , , , , , , , , , , , , , , , , , , , , , , , , , , , , , , , , , , , , , , , , , , , , , , , ,21727824.16 ,26369931.93 ,32047000.97 ,32248417.68 ,39243443.64 ,45175656.16 ,53358077.68 ,57864627.54 ,61573256.75 ,65829149.41 ,77087902.77 ,93833883.94 ,98155900.59 ,114103765.41 ,135321915.49 , 
Guinea-Bissau,Millions,, , , , , , , , , , , , , , , , , , , , , , , , , , , , , , , , , , , , , , , , , , , , , , , ,407463.80 ,348681.64 ,356714.99 ,277936.77 ,302195.25 ,323807.10 ,321039.80 ,307000.30 ,337327.27 ,331626.33 ,360489.21 ,424889.76 ,418640.08 ,465162.29 ,545269.68 ,535783.63 ,548071.93 ,560538.36 ,681303.00 ,737838.00 ,853553.00 ,836013.00 ,843475.00 ,824054.00 , 
Guyana,Millions,, , , , , , , , , , , , , , , , , , , , , , , , , , , , , , , , , , , , , , , , , , , , , , , , , , , , , , , , ,476412.00 ,552603.00 ,616029.00 ,645637.00 ,699064.00 ,753107.00 ,830326.00 ,856042.00 ,852152.00 ,883787.00 ,925677.00 ,980498.00 ,994472.00 ,1078729.00 ,1140757.00 , 
Haiti,Millions,, , , , , , , , , , , , , ,2770.14 ,2979.95 ,3111.88 ,3371.72 ,3203.98 ,3349.31 ,3527.05 ,3597.95 ,4196.57 ,4372.49 ,5621.97 ,6837.73 ,8072.29 ,9369.53 ,10025.47 ,10151.32 ,11361.11 ,13315.87 ,14659.00 ,15246.25 ,16364.24 ,18132.52 ,20135.01 ,22371.97 ,11022.22 ,7247.58 ,6699.71 ,8527.76 ,9193.12 ,8975.56 ,13574.23 ,45088.36 ,70187.23 ,80385.76 ,93067.37 ,108561.36 ,119343.92 ,133691.93 ,150884.95 ,164056.10 ,195267.38 ,239564.08 ,280063.58 ,311615.04 ,356149.44 ,401233.92 ,471795.55 ,478044.25 ,524124.00 ,569992.50 ,642673.67 ,675571.52 ,720255.46 ,844479.03 ,986919.15 ,1076412.65 ,1244013.99 ,1449887.87 , 
Honduras,Millions,, , , , , , , , , , , , , , , , , , , , , , , , , , , , , , , , , , , , , , , , , , , , , , , , , , ,106654.20 ,118415.70 ,129166.60 ,142817.80 ,161507.50 ,183747.40 ,206288.00 ,233567.20 ,262416.90 ,275632.20 ,299286.00 ,335027.80 ,361348.50 ,376539.40 ,414633.50 ,460405.20 ,495921.90 ,543403.00 ,575284.90 ,614917.70 ,585733.60 ,684203.80 
Hungary,Millions,, , , , , , , , , , , , , , , , , , , , , , , , , , , , , , , , , , , , , , , , , , , , , ,5836483.00 ,7122305.00 ,8834560.00 ,10442818.00 ,11637546.00 ,13324052.00 ,15398700.00 ,17433859.00 ,19133811.00 ,21114159.00 ,22600066.00 ,24352909.00 ,25749398.00 ,27258344.00 ,26529876.00 ,27496693.00 ,28549802.00 ,29006331.00 ,30362703.00 ,32815207.00 ,34975313.00 ,36214066.00 ,39281357.00 ,43392436.00 ,47530610.00 ,48276363.00 ,55256668.00 
Iceland,Millions,, , , , , , , , , , , , , , , , , , , , , , , , , , , , , , , , , , , , , , , , , , , , , ,460839.96 ,493834.47 ,536722.36 ,603407.61 ,649719.11 ,709561.32 ,802276.66 ,854139.93 ,876732.71 ,970421.49 ,1061428.26 ,1225716.06 ,1386951.25 ,1589625.14 ,1626390.73 ,1680966.94 ,1765008.67 ,1845159.75 ,1970145.72 ,2086359.61 ,2310847.79 ,2512054.82 ,2641959.40 ,2844409.66 ,3043058.49 ,2928465.59 ,3233001.47 
India,Millions,, , , , , , , , , , , , , , , , , , , , , , , , , , , , , , , , , , , , , , , , , , , , , , , , , , , , , , , ,34958200.00 ,40486400.00 ,47141900.00 ,54561900.00 ,59895400.00 ,72938200.00 ,85651700.00 ,96370500.00 ,108981300.00 ,122141700.00 ,133907300.00 ,149647100.00 ,166281300.00 ,186830700.00 ,197358000.00 ,191841400.00 ,228433900.00 
Indonesia,Millions,, , , , , , , , , , , , , , , , , , , , , , , , , , , , , , , , , , , , , , , , , , , , , , , , , , , , , , , , , , ,5414841900.00 ,6011375000.00 ,6864133100.00 ,7831726000.00 ,8615704500.00 ,9546134000.00 ,10569705300.00 ,11526332800.00 ,12401728500.00 ,13589825700.00 ,14838756000.00 ,15832657200.00 ,15438017500.00 ,16970789200.00 
"Iran, Islamic Rep. of",Millions,, , , , , , , , , , , , , , , , , , , , , , , , , , , , , , , , , , , , , , , , , , , , , , , , , , , , , , , , , , , , , , ,7474935494.12 ,10130403784.01 ,12135344927.77 ,12013495929.62 ,13525217781.88 ,16165015456.27 ,20462465062.36 ,26288891617.31 ,35215143879.57 , 
Iraq,Millions,, , , , , , , , , , , , , , , , , , , , , , , , , , , , , , , , , , , , , , , , , , , , , , , , ,16959343.00 ,36382338.90 ,49904215.70 ,36527727.40 ,37123490.40 ,29989132.80 ,53235358.70 ,73533598.60 ,95587954.80 ,111455813.40 ,157026061.60 ,130642187.00 ,162064565.50 ,217327107.40 ,254225490.70 ,273587529.20 ,273603020.37 ,207121627.16 ,197933257.45 ,227348973.01 ,268160751.68 ,276532747.55 ,201828060.36 , 
Ireland,Millions,, , , , , , , , , , , , , , , , , , , , , , , , , , , , , , , , , , , , , , , , , , , , , ,54758.74 ,60147.57 ,69400.73 ,80430.81 ,92790.53 ,108495.29 ,122089.17 ,135997.56 ,145576.43 ,156260.29 ,170306.77 ,184916.24 ,197069.40 ,187282.98 ,169519.71 ,167363.07 ,171683.37 ,175512.76 ,179411.21 ,194933.76 ,262800.05 ,270058.10 ,296925.22 ,326042.80 ,356526.26 ,372868.50 ,421529.20 
Israel,Millions,, , , , , , , , , , , , , , , , , , , , , , , , , , , , , , , , , , , , , , , , , , , , , ,302952.10 ,351661.40 ,395830.70 ,440808.10 ,485032.70 ,540061.20 ,550173.60 ,573976.60 ,578582.50 ,607630.10 ,640201.30 ,686841.50 ,736014.70 ,777560.60 ,817735.10 ,877368.00 ,938521.10 ,996436.50 ,1062167.10 ,1112538.20 ,1166354.20 ,1225235.40 ,1278840.90 ,1341580.80 ,1418448.80 ,1401406.40 ,1558213.60 
Italy,Millions,, , , , , , , , , , , , , , , , , , , , , , , , , , , , , , , , , , , , , , , , , , , , , ,988243.20 ,1045872.70 ,1092357.30 ,1138856.10 ,1175149.50 ,1241512.90 ,1304136.80 ,1350258.90 ,1394693.20 ,1452319.00 ,1493635.30 ,1552686.80 ,1614839.80 ,1637699.40 ,1577255.90 ,1611279.40 ,1648755.80 ,1624358.70 ,1612751.30 ,1627405.60 ,1655355.00 ,1695786.80 ,1736592.80 ,1771391.20 ,1796633.80 ,1656960.70 ,1775436.40 
Jamaica,Millions,,154.60 ,179.80 , , , , , , , , , , , , , , , , , , , , , , , , , , , , , , , , , , , , , , , , , , , , , , , , , , , , , , , ,885632.00 ,997444.00 ,1065317.00 ,1152781.00 ,1240702.00 ,1314126.00 ,1432096.00 ,1541904.00 ,1659677.00 ,1760976.00 ,1895025.00 ,2027251.00 ,2110433.00 ,1978530.94 , 
Japan,Millions,, , , , , , , , , , , , , , , , , , , , , , , , , , , , , , , , , , , , , , , , , , , , ,510916100.00 ,521613700.00 ,535562000.00 ,543545300.00 ,536497300.00 ,528069800.00 ,535417700.00 ,531653900.00 ,524478700.00 ,523968600.00 ,529400800.00 ,532515500.00 ,535170200.00 ,539281600.00 ,527823800.00 ,494938400.00 ,505530600.00 ,497448900.00 ,500474800.00 ,508700600.00 ,518811100.00 ,538032300.00 ,544364600.00 ,553073000.00 ,556293700.00 ,558491200.00 ,538155400.00 ,541903400.00 
Jordan,Millions,, , , , , , , , , , , , ,114.48 ,113.19 ,141.70 ,166.84 ,182.01 ,212.33 ,216.79 ,250.19 ,237.98 ,253.08 ,282.81 ,297.32 ,336.64 ,424.63 ,573.94 ,699.66 ,851.71 ,1013.17 ,1201.26 ,1493.82 ,1701.61 ,1842.37 ,1969.31 ,2032.11 ,2310.44 ,2358.08 ,2422.94 ,2501.21 ,2847.29 ,3050.33 ,3763.52 ,4005.51 ,4494.27 ,4861.83 ,5065.51 ,5297.95 ,5784.92 ,5958.05 ,6185.75 ,6562.03 ,7006.03 ,7454.37 ,8343.22 ,9203.97 ,11008.63 ,12510.08 ,16080.14 ,17421.89 ,19265.00 ,20962.15 ,22460.54 ,24462.65 ,26161.83 ,27396.78 ,28323.71 ,29400.00 ,30481.85 ,31597.06 ,31025.27 , 
"Kazakhstan, Rep. of",Millions,, , , , , , , , , , , , , , , , , , , , , , , , , , , , , , , , , , , , , , , , , , ,2435.22 ,29881.34 ,423469.00 ,1014190.00 ,1415750.00 ,1672140.00 ,1733260.00 ,2016460.00 ,2599900.00 ,3250590.00 ,3776280.00 ,4611980.00 ,5870130.00 ,7590590.00 ,10213730.00 ,12849790.00 ,16052920.00 ,17007650.00 ,21815520.00 ,28243050.00 ,31015190.00 ,35999030.00 ,39675830.00 ,40884130.00 ,46971150.00 ,54378860.00 ,61819540.00 ,69532630.00 ,70714080.00 , 
Kenya,Millions,, , , , , , , , , , , , , , , , , , , , , , , , , , , , , , , , , , , , , , , , , , , , , , , , , , , , , , , , , , , , , , , , , , ,7594064.00 ,8483396.00 ,9340307.00 ,10255654.00 ,10752992.00 , 
Kiribati,Millions,, , , , , , , , , , , , , , , , , , , , , , , , , , , , , , , , , , , , , , , , , , , , , , , , , , , , , , , , ,146.39 ,158.56 ,168.15 ,169.79 ,170.20 ,176.16 ,183.74 ,191.74 ,199.36 ,227.77 ,239.89 ,244.32 ,263.25 ,284.16 ,287.16 , 
"Korea, Rep. of",Millions,, , , , , , , , , , ,249870.00 ,301710.00 ,365880.00 ,518540.00 ,739680.00 ,831390.00 ,1066070.00 ,1313620.00 ,1692890.00 ,2212660.00 ,2796600.00 ,3438100.00 ,4267700.00 ,5527400.00 ,7905000.00 ,10543600.00 ,14472800.00 ,18608100.00 ,25154400.00 ,32402300.00 ,39725100.00 ,49669800.00 ,57286600.00 ,68080100.00 ,78591300.00 ,88129700.00 ,102985900.00 ,121697800.00 ,145994800.00 ,165801800.00 ,200556300.00 ,242481100.00 ,277540700.00 ,315181300.00 ,372493400.00 ,436988700.00 ,490850900.00 ,542001800.00 ,537215400.00 ,591453000.00 ,651634300.00 ,707021300.00 ,784741300.00 ,837365100.00 ,908439300.00 ,957447800.00 ,1005601500.00 ,1089660200.00 ,1154216600.00 ,1205347800.00 ,1322611200.00 ,1388937200.00 ,1440111300.00 ,1500819200.00 ,1562929000.00 ,1658020400.00 ,1740779600.00 ,1835698300.00 ,1898192600.00 ,1924498000.00 ,1933152400.00 ,2057447700.00 
"Kosovo, Rep. of",Millions,, , , , , , , , , , , , , , , , , , , , , , , , , , , , , , , , , , , , , , , , , , , , , , , , , , , , , , , , , , ,3537.60 ,3610.44 ,4030.99 ,4555.89 ,4797.26 ,5071.32 ,5325.09 ,5674.41 ,6037.27 ,6356.46 ,6671.51 ,7056.16 ,6771.60 ,7816.58 
Kuwait,Millions,, , , , , , , , , , , , , , , , , , , , , , , , , , , , , , , , , , , , , , , , , , , , , , , , , , , , , , , , , ,32580.60 ,39619.80 ,30496.20 ,33079.10 ,42511.60 ,48722.20 ,49392.00 ,46285.60 ,34474.00 ,33055.80 ,36610.70 ,41731.08 ,41349.34 ,32445.00 , 
Kyrgyz Rep.,Millions,, , , , , , , , , , , , , , , , , , , , , , , , , , , , , , , , , , , , , , , , , , ,738.44 ,5336.18 ,12019.20 ,16145.10 ,23399.30 ,30685.70 ,34181.40 ,48744.00 ,65357.90 ,73883.30 ,75366.68 ,83871.61 ,94350.73 ,100899.20 ,113800.10 ,141897.70 ,187991.90 ,201222.90 ,220369.30 ,285989.10 ,310471.30 ,355294.80 ,400694.00 ,430489.40 ,476331.20 ,530476.00 ,569385.60 ,619102.70 ,598344.50 , 
Lao People's Dem. Rep.,Millions,, , , , , , , , , , , , , ,152.45 ,310.78 ,360.22 ,421.87 ,468.72 ,508.02 ,568.47 ,626.01 ,665.71 ,861.96 ,1225.76 ,1905.62 ,2636.52 ,3010.32 ,5605.28 ,6165.80 ,6233.82 , , , , , , , , , , , , , , , , , , , , , , , , , , , , , , , , ,81610000.00 ,93868000.00 ,106797000.00 ,117252000.00 ,129279000.00 ,140697700.00 ,152414200.00 ,162657000.00 ,172611900.00 , 
Latvia,Millions,, , , , , , , , , , , , , , , , , , , , , , , , , , , , , , , , , , , , , , , , , , , , , ,4059.34 ,4682.21 ,5395.98 ,6014.66 ,6272.63 ,6868.49 ,7470.97 ,8406.37 ,9571.79 ,11096.72 ,13662.28 ,17199.98 ,22703.84 ,24527.91 ,19000.01 ,18087.98 ,19763.84 ,21924.46 ,22749.01 ,23625.80 ,24572.13 ,25371.32 ,26984.43 ,29153.56 ,30647.22 ,29456.82 ,32866.51 
Lebanon,Millions,, , , , , , , , , , , , , , , , , , , , , , , , , , , , , , , , , , , , , , , , , , , , , , , , , , , , , , ,31898440.70 ,32407234.77 ,33199235.10 ,37427237.68 ,43896766.03 ,53364871.26 ,57954189.87 ,60190142.39 ,66384257.78 ,70715823.34 ,72561122.87 ,75474413.72 ,77469397.32 ,80387137.45 ,83328807.51 ,80736118.96 ,95795731.15 , 
"Lesotho, Kingdom of",Millions,, , , , , , , , , , , , , ,33.37 ,37.07 ,41.18 ,45.75 ,50.82 ,61.76 ,77.49 ,96.58 ,117.72 ,140.01 ,166.09 ,200.14 ,233.36 ,274.56 ,222.92 ,297.78 ,310.65 , , , , , , , , , , , , , , , , , , , , , , , , , , , , , , ,16358.00 ,18726.00 ,20347.00 ,22841.00 ,26492.00 ,30107.00 ,31354.00 ,30727.00 ,33272.00 ,35460.00 ,37452.00 , 
Liberia,Millions,, , , , , , , , , , , , , , , , , , , , , , , , , , , , , , , , , , , , , , , , , , , , , , , , , , ,35313.25 ,43910.37 ,58240.23 ,42368.41 ,49262.67 ,53920.72 ,64340.22 ,82336.98 ,105916.11 ,120539.60 ,140405.31 ,169036.48 ,196622.08 ,235971.94 ,259264.44 ,266477.24 ,307451.50 ,374268.86 ,470223.22 ,574244.32 ,581688.97 , 
Libya,Millions,, , , , , , , , , , , , , ,468.88 ,704.61 ,957.30 ,1273.55 ,1519.65 ,2036.68 ,2525.13 ,2485.73 ,2281.45 ,2482.79 ,2733.84 ,3588.40 ,4075.38 ,5270.35 ,6099.07 ,6025.97 ,8312.19 ,11528.59 ,9959.59 ,9929.93 ,9462.72 ,8860.97 ,8715.83 ,7555.77 ,6621.36 ,7169.08 ,7965.76 ,8671.66 ,9515.06 ,10106.64 ,9885.85 ,10559.22 ,11313.84 ,12903.92 ,13937.80 ,14004.80 ,16685.82 ,19601.76 ,20639.95 ,26012.43 ,33617.86 ,43058.72 ,61931.79 ,72198.23 ,85245.50 ,90344.60 ,63689.10 ,87375.10 ,39171.10 ,100627.30 ,65994.40 ,30871.00 ,23778.20 ,25786.27 ,41855.38 ,57400.69 ,54719.74 ,26613.61 , 
Lithuania,Millions,, , , , , , , , , , , , , , , , , , , , , , , , , , , , , , , , , , , , , , , , , , , , , ,7760.93 ,9711.15 ,11722.43 ,13021.02 ,12710.58 ,13351.45 ,14177.01 ,15182.39 ,16650.00 ,18219.67 ,20979.92 ,24053.29 ,29011.22 ,32660.07 ,26897.01 ,28033.83 ,31317.17 ,33410.16 ,35039.54 ,36581.31 ,37345.70 ,38889.86 ,42276.30 ,45514.80 ,48859.87 ,49507.22 ,55383.12 
Luxembourg,Millions,, , , , , , , , , , , , , , , , , , , , , , , , , , , , , , , , , , , , , , , , , , , , , ,15239.44 ,16037.15 ,17349.21 ,18131.02 ,20547.76 ,22986.03 ,23879.89 ,25011.09 ,26227.29 ,28189.39 ,30280.99 ,34175.05 ,37641.90 ,40009.56 ,39050.74 ,42402.72 ,44323.47 ,46526.24 ,49094.49 ,51791.32 ,54142.30 ,56208.07 ,58168.78 ,60362.21 ,62704.17 ,64221.14 ,73313.48 
"Madagascar, Rep. of",Millions,, , , , , , , , , , , , , , , , , , , , , , , , , , , , , , , , , , , , , , , , , , , , , , , , , , , , , , , , , ,15974090.00 ,18322510.00 ,18812600.00 ,20863370.00 ,23393790.00 ,25415470.00 ,27417730.00 ,30240590.00 ,33216180.00 ,37637590.00 ,41058840.00 ,46600690.00 ,52532780.00 ,51758020.00 , 
Malawi,Millions,, , , , , , , , , , , , , , , , , , , , , , , , , , , , , , ,2454.00 ,2705.00 ,3041.00 ,3509.00 ,4169.00 ,4749.00 ,5366.00 ,6260.00 ,8345.00 ,10253.00 ,11522.00 ,15082.00 ,15832.00 ,22259.00 ,25594.00 ,52148.00 ,85257.00 ,106928.00 ,132810.00 ,191167.00 ,253471.00 ,301640.00 ,377436.00 ,440249.00 ,533018.00 ,609565.00 ,765649.00 ,873554.00 ,1052790.00 ,1230570.00 ,1474650.00 ,1763870.00 ,2114440.00 ,2831660.00 ,3618120.00 ,4503570.00 ,5552070.00 ,6531220.00 ,7235940.00 ,8219850.00 ,8815340.00 , 
Malaysia,Millions,, , , , , , , , , , , , , , , , , , , , , , , , , , , , , , , , , , , , , , , , , , , , , , , , , , , , , , , , , , , , ,821434.00 ,911733.00 ,971252.00 ,1018614.00 ,1106443.27 ,1176941.19 ,1249697.69 ,1372309.83 ,1447451.13 ,1510692.57 ,1415162.85 , 
Maldives,Millions,, , , , , , , , , , , , , , , , , , , , , , , , , , , , , , , , , , , , , , , , , , , , , , , , , , , , , , , , , , , , , , , , ,56866.00 ,63146.65 ,67300.32 ,73152.50 ,81586.19 ,86787.85 ,57602.90 , 
Mali,Millions,, , , , , , , , , , , , , , , , , , , , , , , , , , , , , , , , , , , , , , , , ,743753.67 ,848539.56 ,819291.61 ,865056.04 ,1239996.83 ,1416037.18 ,1610218.31 ,1676208.57 ,1932133.85 ,2117674.00 ,2103270.24 ,2540202.71 ,2711115.44 ,2733678.21 ,2876233.00 ,3294055.00 ,3607837.00 ,3903961.00 ,4366470.00 ,4807339.00 ,5288939.00 ,6123929.00 ,6352360.00 ,6543944.00 ,7113832.92 ,7747690.00 ,8311915.00 ,8922205.00 ,9481952.94 ,10125594.33 ,9976023.53 , 
Malta,Millions,, , , , , , , , , , , , , , , , , , , , , , , , , , , , , , , , , , , , , , , , , , , , , ,3059.66 ,3209.69 ,3410.66 ,3629.17 ,3829.56 ,4153.35 ,4285.84 ,4515.60 ,4787.52 ,4895.55 ,5159.25 ,5403.00 ,5790.28 ,6206.02 ,6259.64 ,6815.80 ,6924.60 ,7364.46 ,7944.35 ,8751.10 ,9996.71 ,10541.13 ,11954.68 ,12957.12 ,14042.23 ,13059.87 ,14533.82 
"Marshall Islands, Rep. of the",Millions,, , , , , , , , , , , , , , , , , , , , , , , , , , , , , , , , , , , , , , , , , , , , , , , ,111.00 ,114.00 ,115.00 ,115.00 ,122.00 ,132.00 ,131.00 ,133.00 ,137.00 ,142.00 ,148.00 ,152.00 ,150.00 ,160.00 ,172.00 ,181.00 ,185.00 ,182.00 ,184.00 ,201.00 ,212.00 ,222.00 ,236.00 ,244.00 , 
"Mauritania, Islamic Rep. of",Millions,, , , , , , , , , , , , , , , , , , , , , , , , , , , , , , , , , , , , , , , , , , , , , , , , ,38304.84 ,41607.90 ,42516.91 ,44634.48 ,48289.61 ,53951.34 ,62684.95 ,77980.68 ,105279.85 ,112387.26 ,124019.07 ,123694.88 ,155297.48 ,190166.09 ,199572.13 ,217184.51 ,199572.60 ,200220.60 ,225473.20 ,243406.90 ,262320.02 ,289478.03 ,294388.90 , 
Mauritius,Millions,, , , , , , , , , , , , , ,1269.69 ,1205.53 ,1272.14 ,1260.73 ,1335.68 ,1334.22 ,1433.89 ,1444.83 ,1513.28 ,1722.75 ,2186.52 ,3049.54 ,3543.75 ,4888.20 ,5686.88 ,6539.60 ,7634.02 ,9413.57 ,10396.77 ,12133.66 ,13833.54 ,15090.89 ,17101.27 ,20063.67 ,24383.21 ,29503.15 ,34404.27 ,40221.73 ,46598.26 ,52174.94 ,60981.11 ,68881.76 ,76153.39 ,81279.42 ,89552.76 ,103065.76 ,114231.01 ,127815.86 ,140326.69 ,151461.11 ,169457.47 ,188897.43 ,199845.59 ,222870.00 ,255211.00 ,284254.00 ,291756.00 ,307957.00 ,330647.00 ,350644.00 ,372397.00 ,392062.00 ,409893.00 ,434765.00 ,457201.00 ,481256.00 ,498273.00 ,429692.00 , 
Mexico,Millions,, , , , , , , , , , , , , , , , , , , , , , , , , , , , , , , , , , , , , , , , , , , ,1560093.30 ,1781422.50 ,2311458.50 ,3123167.90 ,3962524.20 ,4810123.50 ,5738466.40 ,6693683.00 ,7069377.30 ,7455459.20 ,7868809.60 ,8828367.40 ,9562648.10 ,10630939.40 ,11504075.50 ,12353845.30 ,12162762.80 ,13366377.20 ,14665576.50 ,15817754.60 ,16277187.10 ,17484305.60 ,18572109.40 ,20129057.40 ,21934167.60 ,23524390.20 ,24453296.20 ,23357377.80 ,26212980.80 
"Micronesia, Federated States of",Millions,, , , , , , , , , , , , , , , , , , , , , , , , , , , , , , , , , , , , , , ,137.00 ,144.20 ,157.60 ,175.50 ,188.60 ,206.10 ,213.20 ,221.60 ,218.50 ,206.60 ,218.90 ,220.10 ,233.30 ,241.00 ,242.50 ,245.40 ,240.20 ,250.30 ,253.50 ,256.80 ,263.10 ,280.30 ,296.90 ,311.30 ,327.20 ,317.20 ,319.30 ,316.50 ,332.30 ,366.70 ,401.90 ,415.70 ,411.90 , 
"Moldova, Rep. of",Millions,, , , , , , , , , , , , , , , , , , , , , , , , , , , , , , , , , , , , , , , , , , , , , , , , , , ,16019.56 ,19051.53 ,22555.86 ,27618.92 ,32031.78 ,37651.87 ,44754.37 ,53429.57 ,62921.54 ,60429.80 ,86275.38 ,98772.81 ,105480.18 ,119532.87 ,133481.63 ,145753.64 ,160814.56 ,178880.89 ,192508.55 ,210378.06 ,205432.30 , 
Mongolia,Millions,, , ,1592.34 ,1702.21 ,1819.67 ,1945.22 ,2079.44 ,2222.93 ,2376.31 ,2540.27 ,2715.55 ,2902.93 ,3103.23 ,3317.35 ,3546.25 ,3790.94 ,4052.51 ,4332.14 ,4631.05 ,4954.94 ,5387.42 ,5639.93 ,5843.44 ,6363.86 ,6632.42 ,7064.32 ,7340.13 ,7911.55 ,8506.50 ,8869.25 ,9436.91 ,10374.02 ,11462.57 ,12240.98 ,12567.04 ,13092.59 ,13006.12 ,13564.36 ,14390.55 ,14991.12 ,14619.66 ,26416.81 ,65607.89 ,266120.84 ,446621.53 ,761454.34 ,862607.65 ,1090451.22 ,1105102.73 ,1262980.31 ,1430745.49 ,1629524.66 ,1814233.62 ,2137227.76 ,2749149.75 ,3041405.70 ,4027558.60 ,4956647.20 ,6555569.40 ,6590637.10 ,9756588.40 ,13173763.40 ,16688419.60 ,19174242.60 ,22227054.30 ,23150385.60 ,23942866.40 ,27876297.20 ,32411224.10 ,37280841.40 ,36958550.10 , 
Montenegro,Millions,, , , , , , , , , , , , , , , , , , , , , , , , , , , , , , , , , , , , , , , , , , , , , , , , , , , , , , , , ,2169.63 ,2689.13 ,3103.33 ,2993.88 ,3125.09 ,3264.78 ,3181.48 ,3362.48 ,3457.92 ,3654.51 ,3954.21 ,4299.09 ,4663.13 ,4950.72 ,4185.55 ,4911.62 
Montserrat,Millions,, , , , , , , , , , , , , , , , , , , , , , , , , , , , , , , , , , , ,117.73 ,124.93 ,135.16 ,152.99 ,171.96 ,203.62 ,173.74 ,181.86 ,181.30 ,197.43 ,185.89 ,148.29 ,118.82 ,106.09 ,99.98 ,97.04 ,97.02 ,107.55 ,111.51 ,119.04 ,131.96 ,139.34 ,145.99 ,154.99 ,160.39 ,149.88 ,171.99 ,170.29 ,157.61 ,153.72 ,165.61 ,169.27 ,162.27 ,169.72 ,176.93 ,182.27 , 
Morocco,Millions,, , , , , , , , , , , , , , , , , , , , , , , , , , , , , , , , , , , , , , , , , , , , , , , , , , , , , , , , , ,647530.00 ,716959.00 ,748483.00 ,784624.00 ,820077.00 ,847881.00 ,897923.00 ,925376.00 ,987950.00 ,1013229.00 ,1063045.00 ,1108463.00 ,1152806.00 ,1089521.00 , 
"Mozambique, Rep. of",Millions,, , , , , , , , , , , , , , , , , , , , , , , , , , , , , , ,161.07 ,126.47 ,138.30 ,131.78 ,145.00 ,195.00 ,214.72 ,693.18 ,1112.47 ,1746.08 ,3290.29 ,5212.00 ,6644.00 ,10575.00 ,16887.00 ,26170.00 ,43558.00 ,53664.00 ,62506.00 ,76349.00 ,86132.00 ,111770.00 ,134420.00 ,149909.00 ,172321.00 ,196989.00 ,233100.00 ,270053.00 ,305123.00 ,327866.00 ,377115.00 ,418037.00 ,463921.00 ,510997.00 ,555447.00 ,637760.00 ,752702.00 ,840526.00 ,895567.00 ,962621.00 ,974511.00 , 
Myanmar,Millions,,4456.00 ,4952.00 , , , , , , , , , , , , , , , , , , , , , , , , , , , , , , , , , , , , , , , , , , , , , , ,1562780.00 ,2175920.00 ,2715860.00 ,3493530.00 ,5252850.00 ,7639510.00 ,9617070.00 ,12233920.00 ,16685190.00 ,23012010.00 ,29090660.00 ,33073780.00 ,37116330.00 ,42881380.00 ,49353310.00 ,55248770.00 ,61636860.00 ,68988060.00 ,74215750.00 ,82700020.00 ,92788960.00 ,105258500.00 ,115105760.00 , 
Namibia,Millions,, , , , , , , , , , , , , , , , , , , , , , , , , , , , , , , , , , , , , , , , , , , , , , , , , , , , , , , , , ,61582.89 ,70110.51 ,75214.18 ,82599.19 ,90107.56 ,106862.61 ,117423.15 ,134835.97 ,146018.66 ,157707.67 ,171570.02 ,181067.05 ,181229.22 ,173895.88 ,180835.58 
"Nauru, Rep. of",Millions,, , , , , , , , , , , , , , , , , , , , , , , , , , , , , , , , , , , , , , , , , , , , , , , , , , , , , , ,45.00 ,42.00 ,39.00 ,29.00 ,42.00 ,60.00 ,54.00 ,67.00 ,94.00 ,96.00 ,114.00 ,104.00 ,137.00 ,145.00 ,160.00 ,166.00 ,171.00 , 
Nepal,Millions,, , , , , , , , , , , , , ,5607.30 ,6201.68 ,6893.79 ,8439.72 ,8079.50 ,8228.20 ,8945.16 ,10572.75 ,10234.64 ,11438.75 ,12685.88 ,16163.38 ,17551.59 ,17753.27 ,20099.34 ,22951.40 ,25839.51 ,27160.81 ,31762.24 ,34604.65 ,40374.30 ,47751.05 ,57172.60 ,68387.20 ,78377.00 ,94382.77 ,109555.25 ,126917.13 ,151934.59 ,187418.52 ,215605.47 ,244556.26 ,268982.19 ,305478.10 ,344259.16 ,369211.57 ,419763.17 ,465726.08 ,504737.25 ,525227.70 ,562710.70 ,613603.31 ,673806.41 ,747738.97 ,832040.66 ,932447.98 ,1129776.89 ,1363560.51 ,1562680.98 ,1758379.18 ,1949294.82 ,2232525.28 ,2423638.48 ,2608184.44 ,3077144.92 ,3455949.29 ,3858930.40 ,3914701.07 , 
"Netherlands, The",Millions,, , , , , , , , , , , , , , , , , , , , , , , , , , , , , , , , , , , , , , , , , , , , , ,329547.00 ,344625.00 ,369046.00 ,394295.00 ,419459.00 ,452007.00 ,481881.00 ,501137.00 ,512810.00 ,529286.00 ,550883.00 ,584546.00 ,619170.00 ,647198.00 ,624842.00 ,639187.00 ,650359.00 ,652966.00 ,660463.00 ,671560.00 ,690008.00 ,708337.00 ,738146.00 ,773987.00 ,813055.00 ,800095.00 ,860719.00 
New Zealand,Millions,, , , , , , , , , , , , , , , , , , , , , , , , , , , , , , , , , , , , , , ,69278.00 ,73684.00 ,76679.00 ,75233.00 ,77308.00 ,82844.00 ,89110.00 ,94853.00 ,100480.00 ,103863.00 ,105869.00 ,111197.00 ,118346.00 ,126307.00 ,133687.00 ,141537.00 ,153009.00 ,160806.00 ,168969.00 ,183224.00 ,189450.00 ,191866.00 ,201532.00 ,211014.00 ,215924.00 ,228078.00 ,240902.00 ,251683.00 ,266620.00 ,286411.00 ,302614.00 ,320099.00 ,324140.00 ,350083.00 
Nicaragua,Millions,, , , , , , , , , , , , , ,0.00 ,0.00 ,0.00 ,0.00 ,0.00 ,0.00 ,0.00 ,0.00 ,0.00 ,0.00 ,0.00 ,0.00 ,0.00 ,0.00 ,0.00 ,0.00 ,0.00 ,0.00 ,0.00 ,0.00 ,0.00 ,0.00 ,0.00 ,0.00 ,0.00 ,0.08 ,6.75 ,519.21 ,15706.17 ,19470.45 ,23364.54 ,25960.60 ,31177.74 ,36340.95 ,41476.83 ,49050.86 ,57346.03 ,64812.01 ,71563.32 ,74445.04 ,80390.36 ,92323.40 ,105776.81 ,118837.71 ,136950.18 ,164602.37 ,168791.31 ,187052.64 ,219182.21 ,247993.87 ,271529.83 ,308403.12 ,347707.29 ,380260.77 ,414279.06 ,410987.59 ,417705.14 ,433447.92 , 
Niger,Millions,, , , , , , , , , , , , , , , , , , , , , , , , , , , , , , , , , , , , , , , , , , , , , , , , , , , , , , , ,2418864.00 ,2596972.00 ,2762961.00 ,3247835.00 ,3403683.00 ,3779678.00 ,4058432.00 ,4679848.00 ,5013245.00 ,5377790.00 ,5725216.00 ,6162425.00 ,6494707.27 ,7114526.30 ,7567896.26 ,7909345.01 , 
Nigeria,Millions,, , , , , , , , , , , , , , , , , , , , , , , , , , , , , , , ,139310.50 ,149051.22 ,158750.18 ,165854.20 ,187830.61 ,198123.16 ,244680.21 ,315615.33 ,414860.86 ,494643.67 ,590059.74 ,906029.29 ,1257174.86 ,1768791.49 ,3100235.09 ,4086065.21 ,4418708.75 ,4805156.41 ,5482354.32 ,7062751.07 ,8234493.68 ,11501450.40 ,13556973.69 ,18124060.02 ,23121900.00 ,30375200.00 ,34675900.00 ,39954200.00 ,43461500.00 ,56326400.00 ,64446300.00 ,73485300.00 ,81927400.00 ,91230400.00 ,96210500.00 ,102575000.00 ,114899000.00 ,129086907.45 ,145639139.38 ,154252318.90 , 
"North Macedonia, Republic of",Millions,, , , , , , , , , , , , , , , , , , , , , , , , , , , , , , , , , , , , , , , , , , , , , , , , , , ,248646.45 ,252393.47 ,258580.68 ,268693.55 ,280786.04 ,308447.20 ,334840.15 ,372889.24 ,414890.11 ,414621.90 ,437295.51 ,464186.33 ,466702.70 ,501891.00 ,527631.00 ,558953.62 ,594794.86 ,618105.48 ,660878.20 ,692682.87 ,655930.79 ,723239.34 
Norway,Millions,, , , , , , , , , , , , , , , , , , , , ,91530.00 ,102897.00 ,114362.00 ,129928.00 ,150379.00 ,171849.00 ,196119.00 ,220968.00 ,243888.00 ,269067.00 ,318279.00 ,365013.00 ,404325.00 ,449657.00 ,506486.00 ,562402.00 ,581913.00 ,634875.00 ,664084.00 ,708635.00 ,749860.00 ,790087.00 ,813093.00 ,855400.00 ,897243.00 ,963138.00 ,1054672.00 ,1141340.00 ,1163178.00 ,1265689.00 ,1507283.00 ,1564306.00 ,1561026.00 ,1620364.00 ,1783020.00 ,1989987.00 ,2216317.00 ,2350173.00 ,2607090.00 ,2428481.00 ,2591479.00 ,2792683.00 ,2964053.00 ,3071224.00 ,3140814.00 ,3111168.00 ,3098148.00 ,3295382.00 ,3553900.00 ,3563484.00 ,3410399.00 ,4144134.00 
Oman,Millions,, , , , , , , , , , , , , , , , , , , , , , , , , , , , , , , , , , , , , , , , , , , , , , , , ,5381.80 ,5995.70 ,7500.60 ,7479.30 ,7744.90 ,8318.20 ,9521.60 ,11951.00 ,14309.50 ,16181.80 ,23418.10 ,18605.30 ,21883.10 ,26152.50 ,29458.80 ,30292.60 ,31011.90 ,26308.50 ,25136.60 ,27296.50 ,30678.80 ,29349.50 ,27706.87 , 
Pakistan,Millions,, , , , , , , , , , , , , , , , , , , , , , , , , , , , , , , , , , , , , , , , , , , , , , , , , , , , , , , , ,8216160.00 ,9239786.00 ,10637772.00 ,13199707.00 ,14866996.00 ,18276440.00 ,20046500.00 ,22385657.00 ,25168805.00 ,27443022.50 ,29075633.00 ,31922302.94 ,34616302.00 ,37972310.00 ,41726683.00 , 
"Palau, Rep. of",Millions,, , , , , , , , , , , , , , , , , , , , , , , , , , , , , , , , , , , , , , , , , , , , , , , , , , ,149.00 ,156.00 ,162.00 ,154.00 ,165.00 ,184.00 ,190.00 ,194.00 ,195.00 ,183.00 ,183.00 ,194.00 ,212.00 ,224.00 ,243.00 ,290.00 ,300.00 ,287.00 ,286.00 ,275.00 ,257.00 , 
Panama,Millions,, , , , , , , , , , , , , , , , , , , , , , , , , , , , , , , , , , , , , , , , , , , , , , , , , , , , , , , , , ,21295.98 ,25155.89 ,27116.64 ,29440.29 ,34686.22 ,40429.73 ,45599.99 ,49921.46 ,54091.71 ,57907.70 ,62202.73 ,64929.41 ,66984.43 ,53977.04 , 
Papua New Guinea,Millions,, , , , , , , , , , , , , , , , , , , , , , , , , , , , , , , , , , , , , , , , , , , , , , , , , , , , , , , , , , , , , , , ,47700.00 ,57100.00 ,60100.00 ,65000.00 ,72500.00 ,79400.00 ,83800.00 ,81235.72 , 
Paraguay,Millions,, , , , , , , , , , , , ,45448.00 ,48372.00 ,51452.00 ,55892.00 ,58702.00 ,62077.00 ,65224.00 ,70093.00 ,74921.00 ,83736.00 ,96899.00 ,125437.00 ,168017.90 ,190439.00 ,214069.00 ,263612.00 ,322542.00 ,430514.00 ,560459.00 ,708689.00 ,737040.00 ,828294.31 ,1097250.19 ,1446575.38 ,1926794.47 ,2652657.88 ,3574774.16 ,5025116.75 ,7147738.44 ,9255684.16 ,10738283.27 ,12645361.49 ,14992331.68 ,17789145.33 ,20132862.10 ,21702866.40 ,25248610.40 ,27563440.66 ,30874087.61 ,34883186.50 ,41135696.94 ,49411959.70 ,57501991.73 ,66335828.41 ,75681657.80 ,89866048.80 ,107403590.63 ,111030933.59 ,129092883.48 ,141486449.39 ,147225506.09 ,166350805.11 ,180174060.97 ,188477326.98 ,204647273.08 ,219122277.20 ,230576477.47 ,236681497.06 ,239914728.79 , 
Peru,Millions,, , , , , , , , , , , , , , , , , , , , , , , , , , , , , , , , , , , , , , , , , , , , , ,120263.00 ,135606.00 ,154905.00 ,162586.00 ,169859.00 ,180584.00 ,182527.00 ,192691.00 ,204337.00 ,227935.00 ,250749.00 ,290271.00 ,319693.00 ,352719.00 ,363943.00 ,416784.00 ,473049.00 ,508131.00 ,543556.00 ,570041.00 ,604416.00 ,647668.00 ,687989.00 ,731514.00 ,762476.00 ,706020.00 , 
Philippines,Millions,,6986.00 ,7784.00 , , , , , , , , , , , , , , , , , , , , , , , , , , , , , , , , , , , , , , , , , , , , , , , , ,3697556.21 ,4024398.94 ,4350559.77 ,4717808.94 ,5323904.18 ,5917282.30 ,6550417.11 ,7198244.89 ,8050200.62 ,8390421.46 ,9399450.76 ,10144661.33 ,11060588.83 ,12050591.98 ,13206828.25 ,13944157.45 ,15132381.47 ,16556651.08 ,18265190.26 ,19517863.17 ,17938582.42 , 
"Poland, Rep. of",Millions,, , , , , , , , , , , , , , , , , , , , , , , , , , , , , , , , , , , , , , , , , , , , , ,345060.00 ,431897.00 ,522582.00 ,607103.00 ,674530.00 ,748483.00 ,781548.00 ,812214.00 ,847152.00 ,933091.00 ,990530.00 ,1069431.00 ,1187508.00 ,1285571.00 ,1372025.00 ,1446844.00 ,1565251.00 ,1623442.00 ,1646724.00 ,1711244.00 ,1801112.00 ,1863487.00 ,1989835.00 ,2121555.00 ,2293199.00 ,2338996.00 ,2622184.00 
Portugal,Millions,, , , , , , , , , , , , , , , , , , , , , , , , , , , , , , , , , , , , , , , , , , , , , ,89028.56 ,94351.59 ,102330.96 ,111353.38 ,119603.31 ,128414.45 ,135775.01 ,142554.26 ,146067.86 ,152248.39 ,158552.70 ,166260.47 ,175483.40 ,179102.78 ,175416.44 ,179610.78 ,176096.17 ,168295.57 ,170492.27 ,173053.69 ,179713.16 ,186489.81 ,195947.21 ,205184.12 ,214374.62 ,200087.57 ,211277.54 
Qatar,Millions,, , , , , , , , , , , , , , , , , , , , , , , , , , , , , , , , , , , , , , , , , , , , , , , , , , , , , , , , , , , , , , , ,723369.00 ,750658.00 ,588733.00 ,552305.00 ,586400.80 ,667339.23 ,641991.41 ,525657.36 , 
Romania,Millions,, , , , , , , , , , , , , , , , , , , , , , , , , , , , , , , , , , , , , , , , , , , , , ,7610.60 ,11387.70 ,25500.10 ,37007.70 ,55126.40 ,80873.10 ,117391.40 ,152271.50 ,191917.60 ,244688.30 ,286861.90 ,342762.60 ,425691.10 ,539834.60 ,530894.40 ,528514.50 ,558889.90 ,591799.10 ,634967.80 ,669703.90 ,711929.90 ,763652.50 ,857895.70 ,951728.50 ,1058973.20 ,1058926.10 ,1181917.90 
Russian Federation,Millions,, , , , , , , , , , , , , , , , , , , , , , , , , , , , , , , , , , , , , , , , , , , , , , , , , , , , , ,14186870.10 ,18288784.80 ,23210895.70 ,28911574.80 ,35710917.90 ,44335170.60 ,41682557.90 ,49739675.40 ,60114000.80 ,68103449.60 ,72985701.10 ,79030040.10 ,83087360.10 ,85616083.70 ,91843154.30 ,103861651.00 ,109241536.40 ,106967459.40 , 
Rwanda,Millions,, , , , , , , , , , , , , , , , , , , , , , , , , , , , , , , , , , , , , , , , , , , , , , , , , ,607000.00 ,676000.00 ,742000.00 ,797000.00 ,993000.00 ,1206000.00 ,1440000.00 ,1831000.00 ,2226000.00 ,2832000.00 ,3224000.00 ,3571000.00 ,4133000.00 ,4703000.00 ,5056000.00 ,5623000.00 ,6152000.00 ,6847000.00 ,7694000.00 ,8302000.00 ,9314000.00 ,9607000.00 ,10944000.00 
Samoa,Millions,, , , , , , , , , , , , , , , , , , , , , , , , , , , , , , , , , , , , , , , , , , , , , , , , , , , , , , , , , ,1732.20 ,1784.60 ,1679.50 ,1719.60 ,1762.90 ,1731.40 ,1765.40 ,1819.90 ,2014.90 ,2108.00 ,2107.10 ,2159.20 ,2243.80 ,2063.10 , 
"San Marino, Rep. of",Millions,, , , , , , , , , , , , , , , , , , , , , , , , , , , , , , , , , , , , , , , , , , , , , , , , , , , , , , , , , ,1817.50 ,1878.60 ,1700.80 ,1615.30 ,1477.50 ,1401.40 ,1404.65 ,1390.52 ,1279.30 ,1326.53 ,1353.14 ,1401.71 ,1443.74 ,1361.76 , 
"SÃ£o TomÃ© and PrÃ­ncipe, Dem. Rep. of",Millions,, , , , , , , , , , , , , , , , , , , , , , , , , , , , , , , , , , , , , , , , , , , , , , , , , , ,612.38 ,633.37 ,725.82 ,893.11 ,1034.65 ,1321.29 ,1659.71 ,1957.64 ,2763.01 ,3044.29 ,3652.62 ,4109.91 ,4815.93 ,5588.96 ,6443.70 ,7030.70 ,7697.73 ,8153.80 ,8618.99 ,9424.29 ,10247.30 , 
Saudi Arabia,Millions,, , , , , , , , , , , , , , , , , , , , , , , , , , , , , , , , , , , , , , , , , , , , , , , , , , , , , , , ,1230771.40 ,1411491.40 ,1558827.50 ,1949238.30 ,1609117.00 ,1980777.40 ,2517146.00 ,2759905.70 ,2799926.70 ,2836313.50 ,2453511.80 ,2418508.30 ,2582197.90 ,3062170.00 ,3013561.00 ,2637628.80 ,3125779.20 
Senegal,Millions,, , , , , , , , , , , , , , , , , , , , , , , , , , , , , , , , , , , , , , , , , , , , , , , , , ,4057714.20 ,4270611.96 ,4766315.89 ,4860433.96 ,5084959.06 ,5313888.67 ,5804604.95 ,6111292.25 ,6698104.79 ,7516880.06 ,7593295.29 ,7976734.61 ,8394956.69 ,9016869.32 ,9343922.88 ,9775039.00 ,10508650.00 ,11283396.00 ,12191800.00 ,12840090.00 ,13655367.00 ,14185436.88 , 
"Serbia, Rep. of",Millions,, , , , , , , , , , , , , , , , , , , , , , , , , , , , , , , , , , , , , , , , , , , , , ,59587.44 ,117162.71 ,151807.12 ,195179.05 ,226100.94 ,434318.96 ,867237.62 ,1102557.28 ,1294655.97 ,1526204.71 ,1846853.21 ,2181034.63 ,2523495.52 ,2908444.69 ,3052135.47 ,3250581.33 ,3612266.59 ,3810057.93 ,4121200.15 ,4160548.46 ,4315020.40 ,4528191.88 ,4760686.35 ,5072932.24 ,5421851.31 ,5502216.27 ,6268713.99 
Seychelles,Millions,, , , , , , , , , , , , , , , , , , , , , , , , , , , , , , ,942.00 ,972.00 ,968.00 ,993.00 ,1068.00 ,1205.00 ,1284.00 ,1396.00 ,1528.00 ,1721.00 ,1967.00 ,1980.00 ,2221.00 ,2456.00 ,2459.00 ,2420.00 ,2500.00 ,2830.00 ,3201.00 ,3328.00 ,3513.00 ,3645.00 ,3822.00 ,3811.00 ,4616.00 ,5055.00 ,5610.00 ,6926.00 ,9147.00 ,11533.00 ,11705.00 ,12609.00 ,14519.00 ,16015.00 ,17119.00 ,18340.00 ,18989.00 ,20858.00 ,21540.00 ,22192.00 ,20021.00 , 
Sierra Leone,Millions,, , , , , , , , , , , , , , , , , , , , , , , , , , , , , , , , , , , , , , , , , , , , , , , , , , , ,2165832.45 ,2630761.75 ,3253743.47 ,3912932.00 ,4769247.89 ,5583531.17 ,6443514.21 ,7470061.96 ,8308046.02 ,10255614.19 ,12797612.94 ,16515434.13 ,21317382.46 ,22689470.64 ,21583562.42 ,24296286.12 ,27610770.14 ,32530202.99 ,37285096.33 ,41508067.28 , 
Singapore,Millions,, , , , , , , , , , ,2157.40 ,2340.70 ,2529.30 ,2809.00 ,2737.20 ,2983.60 ,3356.40 ,3789.90 ,4364.40 ,5081.30 ,5879.30 ,6929.90 ,8302.30 ,10395.60 ,12831.40 ,13728.70 ,15003.40 ,16353.20 ,18337.40 ,21141.20 ,25869.60 ,30352.00 ,33981.20 ,38058.00 ,41730.40 ,40862.80 ,40892.70 ,45549.50 ,53432.30 ,61308.50 ,70492.30 ,78542.80 ,84920.20 ,97923.10 ,112555.40 ,124463.30 ,135777.20 ,148664.40 ,143474.90 ,146252.50 ,165632.40 ,160885.60 ,165698.10 ,170117.90 ,194433.00 ,212723.00 ,236158.80 ,272697.60 ,273941.60 ,282394.50 ,326980.10 ,351367.90 ,368770.50 ,384870.30 ,398947.90 ,423444.10 ,440372.20 ,474115.10 ,507123.90 ,510737.80 ,469095.90 , 
Slovak Rep.,Millions,, , , , , , , , , , , , , , , , , , , , , , , , , , , , , , , , , , , , , , , , , , , , , ,19767.71 ,22032.85 ,24456.11 ,26688.28 ,28583.55 ,31661.07 ,34365.53 ,37329.50 ,41479.50 ,46175.21 ,50485.66 ,56361.43 ,63163.35 ,68590.53 ,64095.52 ,68492.15 ,71477.10 ,73360.84 ,74217.29 ,76092.68 ,79888.15 ,81014.25 ,84442.87 ,89430.03 ,94048.03 ,92079.25 ,97122.51 
"Slovenia, Rep. of",Millions,, , , , , , , , , , , , , , , , , , , , , , , , , , , , , , , , , , , , , , , , , , , , , ,10560.81 ,12147.29 ,13836.53 ,15351.77 ,17226.58 ,18853.12 ,21147.70 ,23548.61 ,25613.28 ,27628.19 ,29113.56 ,31470.34 ,35073.46 ,37925.70 ,36254.93 ,36363.91 ,37058.57 ,36253.27 ,36454.33 ,37634.29 ,38852.64 ,40443.22 ,43011.34 ,45864.25 ,48396.70 ,46918.05 ,52020.15 
Solomon Islands,Millions,, , , , , , , , , , , , , , , , , , , , , , , , , , , , , , , , , , , , , , , , , , , , , , , , , , , , , ,3150.40 ,3520.10 ,4183.60 ,4720.10 ,5346.50 ,6044.60 ,6520.70 ,7278.60 ,8169.50 ,8760.40 ,9381.50 ,9850.30 ,10345.20 ,10956.90 ,11703.30 ,12522.32 ,12833.33 ,12697.33 , 
Somalia,Millions,, , , , , , , , , , , , , , , , , , , , , , , , , , , , , , , , , , , , , , , , , , , , , , , , , , , , , , , , , , , , , ,3499.02 ,3610.99 ,3892.40 ,3963.53 ,4048.86 ,4198.49 ,4508.85 ,4651.06 ,5061.34 ,4989.67 , 
South Africa,Millions,, , , , , , , , , , , , , , , , , , , , , , , , , , , , , , , , , , , , , , , , , , , ,480994.50 ,545092.60 ,622900.80 ,701803.90 ,778644.50 ,845733.40 ,925690.40 ,1053138.00 ,1165940.60 ,1360679.30 ,1490399.00 ,1652434.10 ,1837001.40 ,2057593.90 ,2346649.90 ,2611630.80 ,2794228.40 ,3055613.20 ,3327047.00 ,3566385.00 ,3868630.20 ,4133873.00 ,4420792.50 ,4759554.50 ,5078189.90 ,5357640.10 ,5605033.90 ,5521075.10 ,6206253.10 
"South Sudan, Rep. of",Millions,, , , , , , , , , , , , , , , , , , , , , , , , , , , , , , , , , , , , , , , , , , , , , , , , , , , , , , , , , , , , , ,51629.78 ,33237.09 ,44093.33 ,45380.85 ,52876.26 ,164373.95 ,397138.12 ,660314.59 ,725236.60 ,736556.50 , 
Spain,Millions,, , , , , , , , , , , , , , , , , , , , , , , , , , , , , , , , , , , , , , , , , , , , , ,460588.00 ,489203.00 ,519268.00 ,555993.00 ,595723.00 ,647851.00 ,700993.00 ,749552.00 ,802266.00 ,859437.00 ,927357.00 ,1003823.00 ,1075539.00 ,1109541.00 ,1069323.00 ,1072709.00 ,1063763.00 ,1031099.00 ,1020348.00 ,1032158.00 ,1077590.00 ,1113840.00 ,1161867.00 ,1203259.00 ,1244375.00 ,1121948.00 ,1205063.00 
Sri Lanka,Millions,, , , , , , , , , , , , , , , , , , , , , , , , , , , , , , , , , , , , , , , , , , , , , , , , , , , , , , , , , , , , ,6413668.00 ,7219106.00 ,8732463.00 ,9592125.00 ,10361151.00 ,10950621.00 ,11996083.00 ,13328103.00 ,14290907.00 ,15012953.00 ,14972995.00 , 
St. Kitts and Nevis,Millions,, , , , , , , , , , , , ,1.69 ,4.88 ,6.14 ,7.73 ,9.72 ,12.02 ,14.91 ,18.55 ,23.12 ,28.97 ,35.70 ,43.68 ,54.34 ,65.70 ,81.96 ,102.33 ,113.07 ,129.72 ,156.17 ,186.79 ,213.27 ,210.17 ,244.92 ,272.94 ,321.00 ,367.22 ,435.21 ,484.52 ,547.94 ,544.03 ,601.59 ,656.00 ,733.07 ,789.77 ,842.61 ,948.31 ,988.46 ,1049.39 ,1136.84 ,1237.08 ,1297.63 ,1267.36 ,1368.65 ,1477.43 ,1739.92 ,1861.07 ,2099.77 ,2090.54 ,2102.54 ,2257.45 ,2230.83 ,2363.52 ,2575.97 ,2587.70 ,2724.14 ,2863.72 ,2911.97 ,3145.17 ,2648.45 , 
St. Lucia,Millions,, , , , , , , , , , , , , , , , , , , , , , , , , , , , , , , , , , , , , , , , , , , , , , , , , , , , , , , , ,3400.00 ,3600.00 ,3900.00 ,3800.00 ,4000.00 ,4300.00 ,4300.00 ,4500.00 ,4700.00 ,4900.00 ,5000.00 ,5400.00 ,5600.00 ,5700.00 ,4400.00 , 
St. Vincent and the Grenadines,Millions,, , , , , , , , , , , , , , , , , , , , , , , , , , , , , , , , , , , , , , , , , , , , , , , , , , , , , , , , , , , , , , , ,1896.60 ,2050.70 ,2278.10 ,2254.90 ,2283.80 ,2338.88 ,2378.41 ,2327.75 , 
Sudan,Millions,, , , , , , , , , , , , , , , , , , , , , , , , , , , , , , ,5.00 ,6.00 ,6.00 ,8.00 ,10.00 ,13.00 ,19.00 ,34.00 ,43.00 ,76.00 ,101.00 ,177.00 ,302.00 ,836.00 ,1726.00 ,3888.00 ,10478.00 ,16137.00 ,21936.00 ,27059.00 ,33771.00 ,40659.00 ,47756.00 ,55734.00 ,68721.00 ,85707.00 ,98292.00 ,119837.00 ,135512.00 ,134215.00 ,170993.00 ,209071.00 ,225798.00 ,314076.00 ,440700.00 ,506366.00 ,743896.00 ,866958.00 ,1361930.00 ,2029750.00 ,5172180.00 , 
Suriname,Millions,, , , , , , , , , , , , , , , , , , , , , , , , , , , , , , , , , , , , , , , , , , , , , , , , , , , , , , , , , , , , , , , , , ,17514.65 ,20662.99 ,26893.28 ,29821.68 ,31482.51 ,38353.28 , 
Sweden,Millions,, , , , , , , , , , , , , , , , , , , , , , , , , , , , , , , , , , , , , , , , , , , ,1657501.00 ,1767223.00 ,1906773.00 ,1956434.00 ,2047269.00 ,2152905.00 ,2264494.00 ,2408151.00 ,2503731.00 ,2598336.00 ,2703551.00 ,2830194.00 ,2931085.00 ,3121668.00 ,3320278.00 ,3412253.00 ,3341167.00 ,3573581.00 ,3727905.00 ,3743086.00 ,3822671.00 ,3992730.00 ,4260470.00 ,4415031.00 ,4625094.00 ,4828306.00 ,5049619.00 ,4987264.00 ,5381263.00 
Switzerland,Millions,, , , , , , , , , , , , , , , , , , , , , , , , , , , , , , ,205542.88 ,220656.65 ,233768.96 ,240831.33 ,257403.42 ,272919.04 ,286427.52 ,297351.12 ,315665.83 ,340726.64 ,369509.23 ,385929.29 ,393956.52 ,402596.44 ,412537.28 ,417579.20 ,420822.45 ,428309.62 ,440568.64 ,448437.47 ,472595.74 ,484723.49 ,483439.96 ,488937.34 ,504278.20 ,523662.57 ,556438.83 ,592442.27 ,617696.48 ,607377.28 ,629325.24 ,641200.31 ,648980.52 ,660648.77 ,672818.21 ,675735.65 ,685440.98 ,693694.13 ,719271.62 ,727212.15 ,706241.81 ,742835.06 
Syrian Arab Rep.,Millions,, , , , , , , , , , , , ,4319.97 ,4443.61 ,5141.21 ,5065.77 ,5202.71 ,5728.71 ,5662.42 ,6735.37 ,6605.82 ,7688.50 ,9419.93 ,10967.20 ,15090.57 ,20377.30 ,24733.73 ,27264.40 ,32695.00 ,38974.00 ,51270.00 ,65777.00 ,68788.00 ,73291.00 ,75342.00 ,83225.00 ,99933.00 ,127712.01 ,186047.01 ,208892.01 ,268328.00 ,311564.00 ,371630.00 ,413755.00 ,506101.00 ,570975.00 ,690857.00 ,745569.00 ,790444.00 ,819092.00 ,947130.00 ,1010152.00 ,1118106.00 ,1074163.00 ,1266891.00 ,1506440.00 ,1726404.00 ,2020838.00 ,2448060.00 ,2520705.00 ,2791775.00 , , , , , , , , , , , 
"Tajikistan, Rep. of",Millions,, , , , , , , , , , , , , , , , , , , , , , , , , , , , , , , , , , , , , , , , , , , , , , , , ,1025.20 ,1345.00 ,1806.70 ,2512.10 ,3344.60 ,4757.80 ,6157.53 ,7201.14 ,9272.20 ,12779.70 ,17609.30 ,20622.80 ,24704.70 ,30069.30 ,36161.10 ,40524.50 ,45605.20 ,48401.60 ,54471.10 ,61093.00 ,68844.00 ,77354.70 ,82543.00 , 
"Tanzania, United Rep. of",Millions,, , , , , , , , , , , , , , , , , , , , , , , , , , , , , , , , , , , , , , , , , , , , , , , , , , , , , , , , , , , , , , ,62318659.04 ,72977199.82 ,82603387.74 ,94349315.56 ,108362324.29 ,118744498.44 ,129043901.31 ,139641854.50 ,148522111.49 , 
Thailand,Millions,,22610.00 ,27190.00 , , , , , , , , , , , , , , , , , , , , , , , , , , , , , , , , , , , , , , ,2263478.00 ,2583487.00 ,2935639.00 ,3263429.00 ,3689091.00 ,4217612.00 ,4638607.00 ,4710309.00 ,4701553.00 ,4789827.00 ,5069821.00 ,5345004.00 ,5769577.00 ,6317303.00 ,6954281.00 ,7614413.00 ,8400647.00 ,9076303.00 ,9706929.00 ,9658664.00 ,10808142.00 ,11306907.00 ,12357344.00 ,12915159.00 ,13230306.00 ,13743478.00 ,14590337.00 ,15488664.00 ,16373340.00 ,16892410.00 ,15636891.00 , 
"Timor-Leste, Dem. Rep. of",Millions,, , , , , , , , , , , , , , , , , , , , , , , , , , , , , , , , , , , , , , , , , , , , , , , , , , , ,477.40 ,469.50 ,490.40 ,440.80 ,462.30 ,453.80 ,542.80 ,648.50 ,726.90 ,881.80 ,1042.40 ,1160.40 ,1395.50 ,1447.30 ,1594.40 ,1650.60 ,1615.60 ,1583.90 ,2047.90 ,1902.20 , 
Togo,Millions,, , , , , , , , , , , , , , , , , , , , , , , , , , , , , , , , , , , , , , , , , , , , , , , , , , , , , , , , , , , , , , , , , , ,3574400.00 ,3713574.00 ,3950447.00 ,4230509.00 ,4359854.00 , 
Tonga,Millions,, , , , , , , , , , , , , , , , , , , , , , , , , , , , , , , , , , , , , , , , , , , , ,258.75 ,265.46 ,273.61 ,271.64 ,285.73 ,315.30 ,335.77 ,354.48 ,398.39 ,444.03 ,471.86 ,507.44 ,587.07 ,597.83 ,654.69 ,651.53 ,707.60 ,759.45 ,797.81 ,781.33 ,797.19 ,849.15 ,932.59 ,1017.67 ,1073.22 ,1164.01 ,1129.25 , 
Trinidad and Tobago,Millions,, ,331.00 , , , , , , , , , , , , , , , , , , , , , , , , , , , , , , , , , , , , , , , , , , , , , , , , , , , , , , , , , , , , , , , , ,149208.60 ,157150.10 ,161284.30 ,161335.30 ,144422.10 , 
Tunisia,Millions,, , , , , , , , , , , , , , , , , , , , , , , , , , , , , , , , , , , , , , , , , , , , , , , , , , , , , , , , , , , , ,66139.74 ,67747.33 ,73895.36 ,79096.65 ,85345.66 ,89802.18 ,95286.95 ,102011.52 ,112679.24 ,122671.36 ,117053.07 , 
Turkey,Millions,, , , , , , , , , , , , , , , , , , , , , , , , , , , , , , , , , , , , , , , , , , , , , , , , ,71944.70 ,107374.26 ,171494.21 ,247266.21 ,362109.65 ,472171.78 ,582852.80 ,680275.85 ,795757.11 ,887714.41 ,1002756.50 ,1006372.48 ,1167664.48 ,1404927.62 ,1581479.25 ,1823427.32 ,2054897.83 ,2350941.34 ,2626559.71 ,3133704.27 ,3758773.73 ,4317786.91 ,5046883.31 ,7209040.47 
Turkmenistan,Millions,, , , , , , , , , , , , , , , , , , , , , , , , , , , , , , , , , , , , , , , , , , ,0.13 ,3.31 ,29.88 ,223.40 ,2655.97 ,3806.22 ,4795.12 ,6872.15 ,8947.81 ,12353.22 ,15500.62 ,20354.34 ,25293.02 ,30598.14 ,38115.81 ,46255.52 ,84749.77 ,98696.56 ,99400.60 ,128685.28 ,147504.99 ,151402.36 ,165005.27 ,147566.80 ,134758.03 ,144848.93 ,142667.00 ,161923.39 ,159630.15 , 
Tuvalu,Millions,, , , , , , , , , , , , , , , , , , , , , , , , , , , , , , , , , , , , , , , , , , , , , , , , , , ,26.00 ,27.00 ,31.00 ,30.00 ,31.00 ,30.00 ,32.00 ,34.00 ,38.00 ,36.00 ,35.00 ,38.00 ,38.00 ,40.00 ,43.00 ,49.00 ,56.00 ,59.00 ,64.00 ,78.00 ,80.00 , 
Uganda,Millions,, , , , , , , , , , , , , , , , , , , , , , , , , , , , , , , , , , , , , , , , , , , , , , , , , , , , , , , , , , ,17506861.15 ,41611242.70 ,53878025.24 ,60329999.37 ,75611401.32 ,58138590.97 ,95651002.49 ,95105629.88 ,104365319.83 ,113242730.95 ,123489497.87 ,137305409.14 ,136548899.80 , 
Ukraine,Millions,, , , , , , , , , , , , , , , , , , , , , , , , , , , , , , , , , , , , , , , , , , , , , , , , , , ,175887.81 ,203403.48 ,225521.41 ,267147.97 ,344385.91 ,440494.84 ,544224.60 ,723464.31 ,954355.56 ,912189.61 ,1079346.00 ,1299991.00 ,1404669.00 ,1465198.00 ,1586915.00 ,1988544.00 ,2385367.00 ,2982920.00 ,3560302.00 ,3977198.00 ,4191864.00 , 
United Arab Emirates,Millions,, , , , , , , , , , , , , , , , , , , , , , , , , , , , , , , , , , , , , , , , , , , , , , , , , , , , , , , , , , , , ,1064244.00 ,1287821.00 ,1375684.00 ,1432670.00 ,1480521.00 ,1315251.00 ,1311248.00 ,1416136.00 ,1550585.00 ,1532224.00 ,1317946.00 , 
United Kingdom,Millions,, , , , , , , , , , , , , , , , , , , , , , , , , , , , , , , , , , , , , , , , , , , , , ,853228.00 ,911191.00 ,952585.00 ,998318.00 ,1041970.00 ,1098500.00 ,1142023.00 ,1190336.00 ,1259970.00 ,1322795.00 ,1399656.00 ,1476722.00 ,1552470.00 ,1598752.00 ,1557120.00 ,1612195.00 ,1669509.00 ,1721355.00 ,1793155.00 ,1876162.00 ,1935212.00 ,2016638.00 ,2097143.00 ,2174380.00 ,2255283.00 ,2150381.00 ,2317054.00 
United States,Millions,,299827.30 ,346913.30 ,367340.80 ,389217.50 ,390549.00 ,425479.50 ,449352.50 ,474039.50 ,481228.50 ,521654.30 ,542382.30 ,562209.80 ,603921.50 ,637451.50 ,684461.50 ,742290.30 ,813413.80 ,859956.30 ,940646.50 ,1017615.00 ,1073310.50 ,1164849.80 ,1279112.00 ,1425376.00 ,1545242.50 ,1684905.00 ,1873412.50 ,2081825.00 ,2351598.80 ,2627326.30 ,2857308.50 ,3207041.30 ,3343789.30 ,3634036.50 ,4037614.00 ,4338980.50 ,4579632.50 ,4855216.30 ,5236438.00 ,5641579.50 ,5963144.50 ,6158129.30 ,6520327.30 ,6858558.50 ,7287236.50 ,7639749.30 ,8073121.80 ,8577552.50 ,9062816.80 ,9631171.80 ,10250952.00 ,10581929.00 ,10929108.30 ,11456449.50 ,12217195.80 ,13039197.00 ,13815583.00 ,14474227.00 ,14769861.50 ,14478066.80 ,15048970.00 ,15599731.80 ,16253970.00 ,16843195.80 ,17550687.80 ,18206023.50 ,18695105.80 ,19479622.50 ,20527158.80 ,21372582.30 ,20893745.50 ,22996086.00 
Uruguay,Millions,, , , , , , , , , , , , , , , , , , , , , , , , , , , , , , , , , , , , , , , , , , , , , , , , , , , , , , , , , , , , , , , , , , ,1726406.25 ,1841998.93 ,1982243.91 ,2158728.68 ,2253124.02 , 
"Uzbekistan, Rep. of",Millions,, , , , , , , , , , , , , , , , , , , , , , , , , , , , , , , , , , , , , , , , , ,77.09 ,556.45 ,6387.13 ,81327.83 ,379564.82 ,700830.43 ,1224513.05 ,1775235.30 ,2668398.37 ,4081041.64 ,6174199.05 ,9339311.63 ,12332252.78 ,15369874.50 ,19960905.27 ,26022986.35 ,35333036.17 ,47317677.32 ,61477676.80 ,79330537.23 ,100763272.71 ,126513150.11 ,153004343.79 ,187300583.18 ,224992752.60 ,259675601.59 ,316238401.85 ,403581816.60 ,537592357.74 ,611235038.40 , 
Vanuatu,Millions,, , , , , , , , , , , , , , , , , , , , , , , , , , , , , , , , , , , , , , , , , , , , , , , , , , , , , , , , ,48611.00 ,52898.00 ,59863.00 ,63257.00 ,64996.00 ,68905.00 ,69278.00 ,71692.00 ,74970.00 ,79657.00 ,84707.00 ,94887.00 ,100771.00 ,107450.00 ,101931.00 , 
Vietnam,Millions,, , , , , , , , , , , , , , , , , , , , , , , , , , , , , , , , , , , , , , , , , , , , , ,228892000.00 ,272036000.00 ,313623000.00 ,361016000.00 ,399942000.00 ,441646000.00 ,481295000.00 ,535762000.00 ,613443000.00 ,715307000.00 ,914001000.00 ,1061565000.00 ,1246769000.00 ,1616047000.00 ,1809149000.00 ,2157828000.00 ,2779880000.00 ,3245419000.00 ,3584262000.00 ,3937856000.00 ,4192862000.00 ,4502733000.00 ,5005975000.00 ,5542332000.00 ,6037347630.00 ,6293144900.00 , 
West Bank and Gaza,Millions,, , , , , , , , , , , , , , , , , , , , , , , , , , , , , , , , , , , , , , , , , , , , ,2832.60 ,3260.30 ,3425.10 ,3756.90 ,4056.20 ,4252.30 ,4314.20 ,3985.70 ,3558.40 ,3979.80 ,4466.30 ,5052.20 ,5205.40 ,5645.10 ,7101.10 ,7798.80 , , , , , , , ,16128.00 ,16276.60 ,17133.50 ,15531.70 , 
"Yemen, Rep. of",Millions,, , , , , , , , , , , , , , , , , , , , , , , , , , , , , , , , , , , , , , , , ,147958.00 ,176132.00 ,215692.00 ,261059.00 ,336514.00 ,518252.00 ,741667.00 ,884192.00 ,859104.00 ,1189857.00 ,1558370.00 ,1662101.00 ,1878007.00 ,2160608.00 ,2563490.00 ,3208501.00 ,3760038.23 ,4308635.62 ,5375824.69 ,5097593.18 ,6786813.13 ,6996908.14 ,7586549.62 ,8684829.51 ,9289390.70 ,9797602.98 ,8891000.00 ,10006000.00 ,11578730.91 ,12606261.15 ,13998613.39 , 
Zambia,Millions,, , , , , , , , , , , , ,0.35 ,0.32 ,0.39 ,0.50 ,0.63 ,0.75 ,0.89 ,1.08 ,0.96 ,1.01 ,1.17 ,1.23 ,1.42 ,1.53 ,1.89 ,2.17 ,2.46 ,2.91 ,3.35 ,3.81 ,3.93 ,4.57 ,5.39 ,7.73 ,14.33 ,21.61 ,33.68 ,60.30 ,123.72 ,238.51 ,622.35 ,1619.49 ,2447.76 ,3289.69 ,4345.08 ,5656.66 ,6587.52 ,8129.50 ,11201.00 ,14784.76 ,18447.05 ,23201.88 ,29729.91 ,37189.30 ,45964.24 ,56262.97 ,67088.70 ,77348.35 ,97215.92 ,114029.67 ,131271.90 ,151330.78 ,167052.50 ,183381.07 ,216098.08 ,246251.78 ,275174.50 ,300448.73 ,354396.17 , 
Zimbabwe,Millions,, , , , , , , , , , , , , , , , , , , , , , , , , , , , , , , , , , , , , , , , ,10144.00 ,9450.00 ,7793.00 ,7569.00 ,7959.00 ,8263.00 ,10117.00 ,10386.00 ,12099.00 ,11769.00 ,11340.00 ,11244.00 ,10735.00 ,9574.00 ,9465.00 ,9046.00 ,8141.00 ,7785.00 ,6707.00 ,9666.00 ,12042.00 ,14102.00 ,17115.00 ,19091.00 ,19496.00 ,19963.00 ,20549.00 ,22041.00 ,23516.00 ,159641.00 ,1124670.00 , 
