Country,ISO,Year,January,February,March,April,May,Heatwave
Albania,ALB,2004,6.7,8.5,11.7,15.8,17.6,1
Albania,ALB,2005,6.6,6.4,10.9,14.1,20.4,0
Albania,ALB,2006,5.5,7.8,10.8,15.3,18.8,0
Albania,ALB,2007,7.06,8.32,10.9,14.52,18.76,1
Albania,ALB,2008,5.4,7.02,10,13.4,17.94,0
Albania,ALB,2009,9.1,8,11,16.2,20.8,0
Albania,ALB,2010,7.4,9.3,12.3,16.7,19.4,0
Albania,ALB,2011,6.4,8,10.7,14.5,18.2,0
Albania,ALB,2013,7.3,8.5,11.1,15.2,19,0
Albania,ALB,2014,9.6,10.4,11.3,13.7,17.2,0
Albania,ALB,2015,6.2,7.8,10.8,13.2,19.3,0
Albania,ALB,2016,7.3,11.8,11.4,16,17.7,0
Albania,ALB,2017,3.8,9.8,12.2,13.9,18.6,0
Albania,ALB,2018,7.6,8.5,12,17.2,20.7,0
Albania,ALB,2019,3.95,7.725,12.3,14.575,15.75,0
Albania,ALB,2020,4.775,8.425,11.5,13.25,18.075,0
Albania,ALB,2021,6.675,7.88,9.2,11.51,17.91,0
Algeria,DZA,1991,12.3,11.925,14.62857143,13.9,15.78333333,0
Algeria,DZA,1992,10.07142857,11.08571429,12.63333333,14.625,18.0625,0
Algeria,DZA,1993,10.4125,10.95555556,12.675,15.18888889,18.95555556,0
Algeria,DZA,1994,12.125,12.5,14.4,14.0375,19.9125,0
Algeria,DZA,1995,11.74285714,13.94285714,13.36666667,14.54444444,19.75,0
Algeria,DZA,1996,14.2,11.6625,13.68333333,15.8875,18.28571429,0
Algeria,DZA,1997,13.575,12.94444444,13.1625,15.775,20.2125,0
Algeria,DZA,1998,12.31428571,12.825,13.9625,16.4,18.4,0
Algeria,DZA,1999,11.9,10.4375,14.45,15.9125,20.6625,0
Algeria,DZA,2000,9.5375,12.475,14.225,16.8,20.1125,0
Algeria,DZA,2001,12.575,11.775,17.225,15.725,18.65,0
Algeria,DZA,2002,11.33333333,12.3125,14.66,15.87777778,19.23333333,0
Algeria,DZA,2003,11.91111111,11.21,14.39,16.62222222,18.94444444,1
Algeria,DZA,2004,12.31111111,13.12222222,13.72222222,14.62,17.33333333,0
Algeria,DZA,2005,9.59,9.73,13.2,16.08,19.96666667,0
Algeria,DZA,2006,10.875,11.51111111,14.66666667,17.86666667,20.68,0
Algeria,DZA,2007,13.0375,14.1125,13.625,16.425,19.8625,0
Algeria,DZA,2008,12.6,13.21,13.43,17.02,19.22,0
Algeria,DZA,2009,12.15,11.62222222,13.21111111,15.11,20.55,0
Algeria,DZA,2010,12.81,14.03,14.5,16.27,18.22222222,0
Algeria,DZA,2011,12.36,11.93,14.3,17.12,19.29,0
Algeria,DZA,2012,11.83333333,8.611111111,13.78888889,16.2,18.82222222,0
Algeria,DZA,2013,12.16666667,10.81111111,15.14444444,15.9375,17.8375,0
Algeria,DZA,2014,13.4625,13.7,13.3875,17.2125,18.6625,0
Algeria,DZA,2015,10.875,10.45,13.35,16.72,20.48,0
Algeria,DZA,2016,13.28,12.875,13.6,16.46,18.725,0
Algeria,DZA,2017,10.95,14.2,15.44285714,16.94285714,20.125,0
Algeria,DZA,2018,13.05,11.26666667,14.73333333,16.91666667,18.41428571,0
Algeria,DZA,2019,11.2125,11.9375,14.175,15.7125,18.2875,0
Algeria,DZA,2020,12.14285714,13.81428571,14.77142857,16.72857143,20.51428571,0
Algeria,DZA,2021,12.82857143,14.8625,13.75,16.1875,19.8125,0
Austria,AUT,1990,-1.1,3.9,7.6,7.7,15.3,0
Austria,AUT,1991,0.4,-3.5,6.1,7.9,10.4,0
Austria,AUT,1992,0.2,2,4.9,8.5,15.3,0
Austria,AUT,1993,1.5,-2.6,2.8,10.2,16.4,0
Austria,AUT,1994,2.6,0.3,7.7,8.5,14.3,0
Austria,AUT,1995,-1,4.7,3.5,9.8,14.1,0
Austria,AUT,1996,-3.8,-3.4,1,8.6,14.2,0
Austria,AUT,1997,-3.8,2.7,5.6,6.5,14.8,0
Austria,AUT,1998,0.7,3.2,4.7,10.1,15.3,0
Austria,AUT,1999,0.4,-0.6,5.7,9.7,15.2,0
Austria,AUT,2000,-1.9,3.9,5.7,11.6,16.3,0
Austria,AUT,2001,-1.7,1.7,6.4,8.1,16.8,0
Austria,AUT,2002,-0.6,5,6,8.6,15.7,0
Austria,AUT,2003,-1.6,-3.8,5.5,9,16.2,1
Austria,AUT,2004,-1.6,2.1,3.3,10.2,12.9,0
Austria,AUT,2005,0.2,-2.3,3,9.8,14.5,0
Austria,AUT,2006,-5.3,-1.8,1.9,9.9,13.8,0
Austria,AUT,2007,4.8,4.6,6.4,12.7,15.5,1
Austria,AUT,2008,1.6,3.4,5.1,8.8,15.25,0
Austria,AUT,2009,-1.95,0.15,4.3,13.55,15.1,0
Austria,AUT,2010,-1.95,-0.6,3.9,10,13.1,0
Austria,AUT,2011,0.6,0.4,6,12.4,15.1,0
Austria,AUT,2012,1.85,2.7,6.9,9.8,15.7,0
Austria,AUT,2013,0.1,0.85,3.5,10.3,13.65,0
Austria,AUT,2014,0.6,3.4,7.8,11.15,13.2,0
Austria,AUT,2015,2,0.4,5.7,9.9,14.1,0
Austria,AUT,2016,-0.3,4.55,5.3,9.7,13.9,0
Austria,AUT,2017,-4.8,2.5,8.1,8.7,15.45,0
Austria,AUT,2018,3.4,-1.45,2.6,14.5,17.3,0
Austria,AUT,2019,-1.025,2,7.4,9.825,10.7125,1
Austria,AUT,2020,0.3,4.1625,5.9,10.5125,11.7375,0
Austria,AUT,2021,-1.0375,1.575,4.8,6.2375,10.775,0
Bangladesh,BGD,1995,17.43333333,20.8,25.03333333,29.82,30.43333333,0
Bangladesh,BGD,1997,17.68333333,20.1,26.1,25.8,28.82857143,0
Bangladesh,BGD,1998,16.8,21.47142857,23.38333333,27.22857143,28.85714286,0
Bangladesh,BGD,1999,18.9,22.15714286,26.5,29.92857143,28.77142857,0
Bangladesh,BGD,2000,16.34285714,19.44285714,23.61428571,26.9,27.42857143,0
Bangladesh,BGD,2001,16.84285714,20.85714286,25.08571429,28.12857143,27.71666667,0
Bangladesh,BGD,2006,17.6,23.41428571,25.65714286,27.51428571,28.31428571,0
Bangladesh,BGD,2007,16.8,20.4,24.34285714,27.6,29.45,0
Bangladesh,BGD,2009,18.51428571,21.58571429,25.21428571,28.77142857,28.42857143,0
Bangladesh,BGD,2010,16.3,21.0125,27.05714286,29.15714286,28.82857143,0
Bangladesh,BGD,2012,16.7375,19.425,25.73333333,26.7875,29.0625,0
Bangladesh,BGD,2013,14.65,20.025,24.9875,27.4375,27.225,0
Bangladesh,BGD,2014,15.9875,18.55,24.2,28.65,28.9875,0
Bangladesh,BGD,2019,19,19.86666667,24.16666667,27.22222222,29.2,0
Bangladesh,BGD,2020,16.53333333,19.02222222,24.45555556,26.66666667,27.9,0
Bangladesh,BGD,2021,17.07777778,20.12,26.11,28.6,28.55,0
Belgium,BEL,1990,5.2,7.9,8.7,8.9,14.9,0
Belgium,BEL,1991,3.4,0,9.5,8.9,10.4,0
Belgium,BEL,1992,2.6,5,7.3,9.2,15.7,0
Belgium,BEL,1993,5.6,2.2,6.8,11.8,14.9,0
Belgium,BEL,1994,4.8,2.8,7.8,9,12.9,0
Belgium,BEL,1995,4,6.8,5.7,9.1,13.6,0
Belgium,BEL,1996,2.1,1.3,3.9,10.7,11.1,0
Belgium,BEL,1997,-0.2,6.5,8.6,8.5,13.3,0
Belgium,BEL,1998,4.4,6.2,7.7,9.3,15.6,0
Belgium,BEL,1999,5.4,3.1,7.9,10.1,15,0
Belgium,BEL,2000,4,5.9,7.1,10.5,15.1,0
Belgium,BEL,2001,3.4,4.8,6.5,8.5,15.1,0
Belgium,BEL,2002,4.6,7.1,7.8,9.9,13.6,0
Belgium,BEL,2003,2.3,2.8,8.8,10.7,13.9,1
Belgium,BEL,2005,5.5,2.9,7.2,10.1,13.4,0
Belgium,BEL,2006,1.7,2.3,4.5,9.05,14.2,1
Belgium,BEL,2007,7.2,6.8,8,14.3,13.9,0
Belgium,BEL,2008,6.45,6.1,6.3,8.75,15.7,0
Belgium,BEL,2009,0.75,3.6,6.7,11.35,13.55,0
Belgium,BEL,2010,0.4,2.5,6.7,9.133333333,10.65,0
Belgium,BEL,2011,4,5.566666667,7.7,13.2,14,0
Belgium,BEL,2012,5.3,0.95,8.9,8.1,13.3,0
Belgium,BEL,2013,2,1.4,3,8.333333333,10.75,0
Belgium,BEL,2014,6,6.525,9.3,11.7,13.5,0
Belgium,BEL,2016,5.1,4.5,5.2,8.6,13.7,0
Belgium,BEL,2017,1.1,5.85,9.5,8.7,14.55,0
Belgium,BEL,2018,6,1.25,5.5,11.9,16.3,1
Belgium,BEL,2019,3.733333333,6.775,8.5,10.575,11.9,1
Belgium,BEL,2019,3.733333333,6.775,8.5,10.575,11.9,1
Belgium,BEL,2019,3.733333333,6.775,8.5,10.575,11.9,1
Belgium,BEL,2020,6.266666667,7.42,7.1,11.825,13.9,1
Belgium,BEL,2021,3.611111111,5,7.1,6.888888889,11.38888889,0
"Bolivia, Plurinational State of",BOL,1997,27.21428571,26.55714286,26.67142857,26.5875,26.24,0
"Bolivia, Plurinational State of",BOL,2000,27.0625,27.03333333,26.6625,27.05,25.92,0
"Bolivia, Plurinational State of",BOL,2001,26.76,26.9,26.6625,26.84444444,24.7625,0
"Bolivia, Plurinational State of",BOL,2002,27.55555556,26.85555556,27.95,27.15555556,26.5,0
"Bolivia, Plurinational State of",BOL,2003,27.54444444,26.88888889,26.95555556,26.42222222,26.81428571,0
"Bolivia, Plurinational State of",BOL,2004,27.01428571,26.625,27.8,27.43333333,23.1,0
"Bolivia, Plurinational State of",BOL,2005,28.34285714,27.21428571,27.74285714,26.4,26.71428571,0
"Bolivia, Plurinational State of",BOL,2006,26.91111111,27.08888889,27.7,26.44444444,23.03333333,0
"Bolivia, Plurinational State of",BOL,2007,27.6,26.9,27.26666667,27.0375,23.65714286,0
"Bolivia, Plurinational State of",BOL,2008,26.81111111,26.74444444,26.56666667,26.31111111,24.26666667,0
"Bolivia, Plurinational State of",BOL,2009,27.07777778,26.45,26.97,26.76,25.9,0
"Bolivia, Plurinational State of",BOL,2010,27.07,27.48,28.2,27.12,24.76,0
"Bolivia, Plurinational State of",BOL,2011,26.74444444,26.38888889,26.74444444,27.08,25.33,0
"Bolivia, Plurinational State of",BOL,2012,26.97777778,26.26666667,26.9375,26.9,25.8,0
"Bolivia, Plurinational State of",BOL,2013,27.6,27.22222222,27.24444444,26.42222222,25.37777778,1
"Bolivia, Plurinational State of",BOL,2014,26.3,26.3625,27.06666667,27.14444444,25.75555556,0
"Bolivia, Plurinational State of",BOL,2015,26.75714286,27.22857143,27.38333333,27.6,26.05714286,0
"Bolivia, Plurinational State of",BOL,2016,29,27.75,27.78571429,27.77142857,25.38571429,0
"Bolivia, Plurinational State of",BOL,2017,27.58571429,27.25,27.36666667,26.91428571,26.67142857,0
"Bolivia, Plurinational State of",BOL,2018,27.11428571,27.1,27.22857143,27.675,26.7,0
"Bolivia, Plurinational State of",BOL,2019,27,27.14444444,27.34444444,27.12222222,25.57777778,0
"Bolivia, Plurinational State of",BOL,2020,27.8625,27.16666667,27.75,26.75,25.6,0
"Bolivia, Plurinational State of",BOL,2021,26.9,27.13333333,26.78888889,26.32222222,24.94444444,0
Bosnia and Herzegovina,BIH,1992,1.1,3.6,6.8,11.7,15.8,0
Bosnia and Herzegovina,BIH,1993,0.5,-0.4,4.9,12,17.8,0
Bosnia and Herzegovina,BIH,1994,3.8,1.6,10.1,11.3,16.7,0
Bosnia and Herzegovina,BIH,2002,0.6,7.8,10.2,11.1,19.3,0
Bosnia and Herzegovina,BIH,2003,-0.1,-1.5,6.2,11,18.9,0
Bosnia and Herzegovina,BIH,2004,-0.4,2.7,6,11.9,14.8,0
Bosnia and Herzegovina,BIH,2005,0.3,-1.9,4.3,11.5,16.3,0
Bosnia and Herzegovina,BIH,2006,-1.7,2.3,5.9,12.4,16,0
Bosnia and Herzegovina,BIH,2007,6.2,7.1,9.2,13.6,18.3,1
Bosnia and Herzegovina,BIH,2008,2.3,5.4,7.9,12.6,17.6,0
Bosnia and Herzegovina,BIH,2009,-0.7,2.7,7.6,14.2,18.9,0
Bosnia and Herzegovina,BIH,2010,0.1,2.4,7.5,12,16.5,0
Bosnia and Herzegovina,BIH,2011,1.9,1.7,7.2,13,16,0
Bosnia and Herzegovina,BIH,2012,2,-2.8,9.5,12.7,16.1,0
Bosnia and Herzegovina,BIH,2013,2.8,2.3,6.1,13.4,16.6,0
Bosnia and Herzegovina,BIH,2014,5.6,6.5,9.6,13.1,15.8,0
Bosnia and Herzegovina,BIH,2018,5.5,1,5.7,16.8,19.9,0
Bosnia and Herzegovina,BIH,2019,0.016666667,3.814285714,10,11.675,12.93333333,0
Bosnia and Herzegovina,BIH,2020,1.016666667,6.542857143,7.8,12,15.15,0
Bosnia and Herzegovina,BIH,2021,2.54,5.74,7.1,9.01,15.42,0
Bulgaria,BGR,1990,-1.133333333,5.26,9.02,11.2,15.04,0
Bulgaria,BGR,1991,0.98,0.36,5.42,9.78,13.425,0
Bulgaria,BGR,1992,1.1,1.8,6.26,10.96,14.54,0
Bulgaria,BGR,1993,0.56,1.67E-17,4.28,10.34,15.94,0
Bulgaria,BGR,1994,3.666666667,2.216666667,8.216666667,12.28333333,17.2,0
Bulgaria,BGR,1995,-0.15,5.9,6.416666667,10.88333333,15.51666667,0
Bulgaria,BGR,1996,-0.85,-0.725,1.425,9.15,17.725,0
Bulgaria,BGR,1997,0.816666667,3.45,4.983333333,7.283333333,17.1,0
Bulgaria,BGR,1998,2.76,4.22,4.52,13.22,15.76,0
Bulgaria,BGR,1999,1.666666667,2.333333333,7.2,12.38333333,16.28333333,0
Bulgaria,BGR,2000,-2.275,3.525,5.975,13.325,17.025,1
Bulgaria,BGR,2001,2.8,3.6,10,10.625,16.2,0
Bulgaria,BGR,2002,0.3,6.45,8.4,10.025,17.025,0
Bulgaria,BGR,2003,1.5,-2.7,3.725,9.05,18.275,0
Bulgaria,BGR,2004,-0.1,2.925,6.625,11.5,14.85,0
Bulgaria,BGR,2005,2.45,-0.6,4.95,11,16.625,0
Bulgaria,BGR,2006,-1.9,0.65,5.85,11.65,16.275,0
Bulgaria,BGR,2007,6.125,4.825,7.55,11.8,17.65,1
Bulgaria,BGR,2008,-0.6,3.425,8.625,12.6,16.43333333,0
Bulgaria,BGR,2009,0.9,2.966666667,6,11.22,17.075,0
Bulgaria,BGR,2010,-0.025,2.55,6.175,11.575,16.65,0
Bulgaria,BGR,2011,0.7,0.95,5.15,10.25,15.725,0
Bulgaria,BGR,2012,-0.4,-2.675,7,12.825,16.45,0
Bulgaria,BGR,2013,1.85,4.36,6.125,12.91428571,18.7,0
Bulgaria,BGR,2014,2.75,4.516666667,8.625,11.78,15.675,0
Bulgaria,BGR,2015,2.1,2.92,6.025,11.18571429,17.775,0
Bulgaria,BGR,2016,0.233333333,8.05,8.05,14.28333333,15.98333333,0
Bulgaria,BGR,2017,-4.06,2.957142857,9.175,10.9,16.43333333,0
Bulgaria,BGR,2018,2.733333333,3.35,6.15,14.86666667,18.525,0
Bulgaria,BGR,2019,1.866666667,4.071428571,8.85,11.2,16.52857143,0
Bulgaria,BGR,2020,2.75,5.957142857,7.6,10.81428571,16.45714286,0
Bulgaria,BGR,2021,3.457142857,4.888888889,4.925,9.777777778,17.02222222,0
Canada,CAN,2000,-9.9,-6.225,0.475,5.15,9.8,0
Canada,CAN,2001,-6.466666667,-9.075,-0.95,4.825,12.175,0
Canada,CAN,2002,-8.566666667,-4.3,-6.075,1.4,9.15,0
Canada,CAN,2003,-9.26,-7.225,-3.05,4.65,10.24,0
Canada,CAN,2004,-11.975,-5.88,0.14,6.08,10.1,0
Canada,CAN,2005,-10.92,-5.44,-0.8,6.275,10.98,0
Canada,CAN,2006,-2.6,-6.44,-2.46,7.08,11.94,0
Canada,CAN,2007,-7.066666667,-3.4,0,5.166666667,11.7,0
Canada,CAN,2008,-9.35,-6.425,-1.1,3.166666667,10.875,0
Canada,CAN,2009,-10.175,-7.25,-4.533333333,4.54,10.25,0
Canada,CAN,2010,-6.6,-1.366666667,3.566666667,6.166666667,9.825,0
Canada,CAN,2011,-6.15,-9.2,3.9,3.2,9.833333333,0
Canada,CAN,2012,-8.933333333,-7.566666667,-1,3.7,8.025,0
Canada,CAN,2013,-9.675,-4.9,-10.83333333,-1.6,8.033333333,0
Canada,CAN,2014,-7.733333333,-15.35,-8.125,0.1,10.025,0
Canada,CAN,2015,-5.833333333,-11.78,2.066666667,5.625,8.375,0
Canada,CAN,2016,-9.2,-2.133333333,-0.35,2.3,11.93333333,0
Canada,CAN,2017,-9.633333333,-8.25,-5.35,4.966666667,10.05,0
Canada,CAN,2018,-6.8,-14.65,-6.05,-0.65,12.25,1
Canada,CAN,2019,-12.46,-19.43333333,-4.725,2.7,8.4,0
Canada,CAN,2020,-13.6,-9.35,-7.4,0.333333333,9.833333333,0
Canada,CAN,2021,-11.63333333,-15.4,0.7,3.166666667,9.42,1
China,CHN,1990,-27.16666667,-16.77777778,-2.266666667,2.777777778,12.12222222,0
China,CHN,1991,-22.27777778,-18.25555556,-10.04444444,2.911111111,11.52222222,0
China,CHN,1992,-21.02222222,-17.7,-7.555555556,2.944444444,12.76666667,0
China,CHN,1993,-23.07777778,-15.63333333,-6.166666667,2.488888889,11.17777778,0
China,CHN,1994,-25.84444444,-17.16666667,-10.08888889,3.655555556,10.61111111,1
China,CHN,1995,-18.91111111,-15.48888889,-8.611111111,1.522222222,9.588888889,0
China,CHN,1996,-23.23333333,-17.22222222,-8.222222222,2.988888889,13.33333333,0
China,CHN,1997,-23.05555556,-17.28888889,-8.444444444,5.144444444,11.97777778,1
China,CHN,1998,-26.28888889,-14.04444444,-5.033333333,6.3,12.61111111,0
China,CHN,1999,-21.1,-16.7,-13.46666667,3.088888889,11.05555556,0
China,CHN,2000,-25.46666667,-20.37777778,-8.988888889,3.222222222,13.04444444,0
China,CHN,2001,-27.03333333,-22.25555556,-9.477777778,3.633333333,11.83333333,0
China,CHN,2002,-19.65555556,-14.96666667,-4.888888889,4.177777778,13.22222222,1
China,CHN,2003,-22.64444444,-16.8,-5.477777778,5.155555556,11.36666667,0
China,CHN,2004,-22.22222222,-17.51111111,-8.855555556,2.855555556,10.45555556,1
China,CHN,2005,-21.3,-21.41111111,-9.111111111,3.1,10.06666667,1
China,CHN,2006,-24.2,-20.6,-9.477777778,1.144444444,13.1,0
China,CHN,2007,-18.63333333,-14.78888889,-9.366666667,3.388888889,12.03333333,0
China,CHN,2008,-23.78888889,-16.95555556,-2.833333333,5.566666667,10.83333333,0
China,CHN,2009,-23.44444444,-19.93333333,-10.5875,5.622222222,13.92222222,0
China,CHN,2010,-23.7,-22.21111111,-12.66666667,-0.1,13.23333333,0
China,CHN,2011,-25.66666667,-17.96666667,-9.266666667,3.722222222,11.41111111,0
China,CHN,2012,-27.38888889,-21.14444444,-9.955555556,3.277777778,12.67777778,0
China,CHN,2013,-26.32222222,-22.13333333,-12.74444444,0.511111111,13.97777778,1
China,CHN,2014,-23.36666667,-21,-6.511111111,7.244444444,10.98571429,0
China,CHN,2015,-19.67777778,-14.5,-6.555555556,3.922222222,10.52222222,0
China,CHN,2016,-24.05555556,-18.25555556,-5.1,3.7,12.28888889,0
China,CHN,2017,-21.3375,-15.53333333,-5.566666667,5.022222222,12.94444444,0
China,CHN,2018,-24.0625,-21.4625,-7.1375,5.275,13.3125,0
China,CHN,2019,-17.29,-13.87,-4.711111111,3.69,10.74,0
China,CHN,2020,-18.35,-15.07,-6.022222222,4.53,11.83,0
China,CHN,2021,-22.86,-16.14,-3.811111111,3.64,10.06,0
Croatia,HRV,1991,2.7,0.2,10.3,10.5,13.2,0
Croatia,HRV,1992,2.9,5.8,8.3,12.8,17.3,0
Croatia,HRV,1993,2.95,2.15,7.05,12.95,19.2,0
Croatia,HRV,1994,5.1,4,11.6,12.2,16.95,0
Croatia,HRV,1995,1.85,7.25,6.6,13.05,16.15,0
Croatia,HRV,1996,0,0.3,4.5,12,17.5,0
Croatia,HRV,1997,-0.5,5.7,8.1,9.2,17.8,0
Croatia,HRV,1998,4.8,7.2,6.4,13.5,16.9,0
Croatia,HRV,1999,1.6,2.9,9.5,13.4,17.65,0
Croatia,HRV,2000,-1.2,5.55,8.35,14.7,17.65,1
Croatia,HRV,2001,3.7,5.25,10.15,11.6,18.85,0
Croatia,HRV,2002,1.15,6.5,9.55,11.2,18.9,0
Croatia,HRV,2003,-0.55,-1.05,8.1,11.9,20.3,1
Croatia,HRV,2004,-0.05,3.45,6.1,12,15.45,0
Croatia,HRV,2005,1.6,-0.3,6.5,12.5,17.3,0
Croatia,HRV,2006,-1.25,1.45,5.4,12.7,16,0
Croatia,HRV,2007,5.95,6.9,9.15,14.6,18.1,0
Croatia,HRV,2008,2.7,5.3,7.1,12.25,17.6,0
Croatia,HRV,2009,-1.2,3.1,7.5,14.7,18.36666667,0
Croatia,HRV,2010,-0.633333333,2.5,6.95,12.3,16.25,0
Croatia,HRV,2011,2.1,1.5,7.4,14,17.1,0
Croatia,HRV,2012,2.2,-1.9,10.25,12.46666667,17,0
Croatia,HRV,2013,1.55,1.95,4.8,13.15,16.06666667,0
Croatia,HRV,2014,5.3,5.35,11.3,13.55,15.8,0
Croatia,HRV,2015,3.25,2.333333333,8.2,12.33333333,17.7,0
Croatia,HRV,2016,1.133333333,6.7,7.9,13.25,16.45,0
Croatia,HRV,2017,-3.35,4.9,10.8,12.4,18.1,0
Croatia,HRV,2018,5.033333333,0.2,5.1,16.55,20,0
Croatia,HRV,2019,1.133333333,5.3,10.3,12.56666667,13.7,0
Croatia,HRV,2020,1.2,8.2,8.65,13.5,15.83333333,0
Croatia,HRV,2021,3.375,5.688888889,8.1,8.7,13.73333333,0
Cyprus,CYP,1990,10.4,11.9,14.2,17,21,0
Cyprus,CYP,1991,11.9,11.7,15.1,17.6,20.5,0
Cyprus,CYP,1992,9.9,8.7,12.2,16.4,19.9,0
Cyprus,CYP,1993,10.6,9.8,12.7,16.4,19.5,0
Cyprus,CYP,1994,13.5,12.3,13.9,18.6,21.8,0
Cyprus,CYP,1995,12.6,12.9,14.3,16.4,21.3,0
Cyprus,CYP,1996,11.5,12.9,13.4,15.9,22.3,0
Cyprus,CYP,1997,12.8,10.5,12.6,15.4,21.5,0
Cyprus,CYP,1998,11.6,12.5,13.3,18.7,21.7,1
Cyprus,CYP,1999,13.1,12.6,14.8,17.7,22.9,0
Cyprus,CYP,2000,10.2,11.5,13.1,18,21.8,1
Cyprus,CYP,2001,13,13.4,17,18.9,22.5,0
Cyprus,CYP,2002,10.4,13.5,15.2,16.7,20.6,0
Cyprus,CYP,2003,14.1,11,12.6,16.8,24.1,0
Cyprus,CYP,2004,11.9,11.9,14.9,17.7,21.1,0
Cyprus,CYP,2005,12.8,11.6,14.6,17.86666667,20.95,0
Cyprus,CYP,2006,11.8,12.7,14.1,17.9,21.8,0
Cyprus,CYP,2007,11.5,12.8,14.2,16.8,22.3,1
Cyprus,CYP,2008,10.85,12,16.8,18.66666667,20.93333333,0
Cyprus,CYP,2009,13.9,13,13.8,17.8,21.3,0
Cyprus,CYP,2010,14.2,13.8,15.7,18.7,21.75,0
Cyprus,CYP,2011,13.1,13.45,14.5,17.3,21.2,0
Cyprus,CYP,2012,11.5,11.8,13,17.6,21.15,0
Cyprus,CYP,2013,12.45,14.1,15.2,18.53333333,22.5,0
Cyprus,CYP,2014,14,13.75,15.9,18.4,21.2,0
Cyprus,CYP,2015,11.9,12.86666667,15.2,16.8,22,0
Cyprus,CYP,2016,12.1,14.76666667,15.8,19.3,21.36666667,0
Cyprus,CYP,2017,11.43333333,12.15,14.9,18.2,21.45,0
Cyprus,CYP,2018,13.35,14.75,16.5,19.65,24,0
Cyprus,CYP,2019,12.86666667,13.66666667,14.6,16.83333333,22.03333333,0
Cyprus,CYP,2020,12.23333333,12.525,15.3,17.43333333,22.66666667,0
Cyprus,CYP,2021,13.8,13.12,14.65,17.96,23.44,0
Czechia,CZE,1990,-1.2,2.925,5.1,5.375,12.825,0
Czechia,CZE,1991,-0.875,-5.175,4.233333333,5.3,7.525,0
Czechia,CZE,1992,-1.125,0.475,2.275,5.95,12.85,0
Czechia,CZE,1993,-0.45,-3.566666667,1.175,8.375,14.26666667,0
Czechia,CZE,1994,1.5,-1.533333333,5,6.433333333,11.63333333,0
Czechia,CZE,1995,-2.7,2.533333333,1.366666667,8,11.6,0
Czechia,CZE,1996,-5.266666667,-4.733333333,-1.233333333,7.166666667,10.86666667,0
Czechia,CZE,1997,-4.8,1.633333333,4.1,4.466666667,12.13333333,0
Czechia,CZE,1998,-0.366666667,1.825,1.925,7.833333333,12.45,0
Czechia,CZE,1999,-0.95,-2.725,3.35,7.275,12.375,0
Czechia,CZE,2000,-2.625,1.3,2.7,9.275,13.7,0
Czechia,CZE,2001,-2.65,-0.22,2.175,5.15,12.975,0
Czechia,CZE,2002,-1.55,2.575,3.2,6.15,13.225,0
Czechia,CZE,2003,-3.15,-4.85,3.575,6.4,13.6,1
Czechia,CZE,2004,-3.8,0.125,1.7,7.62,10.15,0
Czechia,CZE,2005,-0.84,-4.18,0.95,8.2,12.1,0
Czechia,CZE,2006,-5.5,-2.9,-0.4,6.96,11.85,0
Czechia,CZE,2007,2.15,2.025,4.275,10.25,13.16,0
Czechia,CZE,2008,0.5,1.95,1.925,6.42,12.88,0
Czechia,CZE,2009,-4.975,-2.225,1.925,11.2,12.3,0
Czechia,CZE,2010,-5.58,-2.925,1.8,7.26,9.7,0
Czechia,CZE,2011,-1.66,-2.62,3.65,9.9,12.675,0
Czechia,CZE,2012,-0.78,-5.383333333,5.225,7.04,13.4,0
Czechia,CZE,2013,-2.375,-2.8,-2,6.86,10.34,0
Czechia,CZE,2014,-0.275,1.06,5.725,9.48,10.875,0
Czechia,CZE,2015,0.02,-1.58,3.325,6.88,11.425,0
Czechia,CZE,2016,-1.6,1.25,1.975,6.48,12.14,0
Czechia,CZE,2017,-5.86,0.9,5.225,6.2,13.13333333,0
Czechia,CZE,2018,1.24,-4.44,-0.05,11.31666667,14.92,0
Czechia,CZE,2019,-1.67,1.82,4.7,8.94,9.84,0
Czechia,CZE,2020,0.62,3.24,3.1,9.4,10.53,0
Czechia,CZE,2021,-1.54,-0.72,2.625,4.73,9.39,0
Egypt,EGY,1990,13.475,13.85,15.76666667,19.35,20.9,0
Egypt,EGY,1991,13.36666667,14.45,17.275,19.95,21.95,0
Egypt,EGY,1992,12.45,11.875,14.975,17.825,21,0
Egypt,EGY,1993,12.425,12.475,14.65,19.5,21.275,0
Egypt,EGY,1994,15.1,14.6,15.83333333,20.83333333,22.63333333,0
Egypt,EGY,1995,12.875,14.175,16.275,17.95,20.9,1
Egypt,EGY,1996,13.4,14.85,16,18,22.525,1
Egypt,EGY,1997,14.02,13.8,14.8,17.425,21.65,0
Egypt,EGY,1998,13.875,14.8,15.05,19.975,22.4,0
Egypt,EGY,1999,13.5,13.66666667,16.2,19,22.7,0
Egypt,EGY,2000,12.7,13.04,15,19.23333333,20.9,0
Egypt,EGY,2001,13.825,13.725,17.575,18.7,21.375,0
Egypt,EGY,2002,11.9,14.425,16.175,18.3,20.85,0
Egypt,EGY,2003,14.76666667,12.65,13.825,17.8,21.9,0
Egypt,EGY,2004,12.75,13.85,16.05,18.1,21.16666667,0
Egypt,EGY,2005,13.8,13.6,16.06666667,18.13333333,21.03333333,0
Egypt,EGY,2006,13.06666667,14.13333333,15.93333333,19,20.83333333,0
Egypt,EGY,2007,13.225,14.23333333,15.96666667,17.625,21.9,0
Egypt,EGY,2008,12.76666667,13.36666667,18.875,19.45,21.575,0
Egypt,EGY,2009,14.225,14.9,15.45,18.45,21.86,0
Egypt,EGY,2010,15.18,16.475,17.55,19.125,21.725,0
Egypt,EGY,2011,14.33333333,14.675,15.3,18.56666667,21.075,0
Egypt,EGY,2012,12,12.6,14.86666667,19.06666667,22.23333333,0
Egypt,EGY,2013,13.33333333,14.73333333,17.5,18.63333333,22.9,0
Egypt,EGY,2014,13.96666667,14.8,16.56666667,19.075,22.6,0
Egypt,EGY,2015,12.7,13.54,16,18.28,21.65,1
Egypt,EGY,2016,13.3,16.76666667,17.95,21.875,23.68,0
Egypt,EGY,2017,13.3,14,17.05,19.28,23.76666667,0
Egypt,EGY,2018,15,17.13333333,19.5,22.15,23.35,0
Egypt,EGY,2019,12.56,14.01666667,16.02,18.4,23.16,0
Egypt,EGY,2020,12.9,14.48,16.48,18.66,22.76,0
Egypt,EGY,2021,15.85,15.16666667,16.47777778,19.38888889,24.14444444,0
France,FRA,1990,6.825,8.8,9.075,8.975,13.8,1
France,FRA,1991,4.6,1.966666667,8.925,8.933333333,10.26666667,0
France,FRA,1992,2.55,5.766666667,7.833333333,8.933333333,14.23333333,0
France,FRA,1993,7.133333333,4.275,7.1,10.35,12.95,0
France,FRA,1994,6.725,4.8,8.466666667,8.675,12.13333333,0
France,FRA,1995,6.333333333,8.133333333,6.65,9.033333333,12.7,0
France,FRA,1996,4.55,3.4,5.275,9.25,10.025,0
France,FRA,1997,1.775,7.4,8.725,8.875,12.7,0
France,FRA,1998,5.733333333,6.9,8.375,8.925,14.3,0
France,FRA,1999,6.966666667,5.566666667,8.1,9.875,14,0
France,FRA,2000,5.3,7.25,7.9,9.633333333,13.53333333,0
France,FRA,2001,4.966666667,6.15,7.433333333,8.833333333,13.33333333,0
France,FRA,2002,6,8.366666667,8.466666667,10.13333333,12.9,0
France,FRA,2003,4.6,4.433333333,8.55,10.3,12.9,1
France,FRA,2004,6.1,6.05,6.866666667,10.2,12.3,0
France,FRA,2005,6.85,4.275,7.275,9.883333333,12.14,0
France,FRA,2006,4.075,4.075,5.675,8.975,12.575,1
France,FRA,2007,8.325,7.675,8.025,12.05,13.1,0
France,FRA,2008,7.55,6.65,7.3,8.975,14.88,0
France,FRA,2009,2.9,4.725,7.275,10.7,12.65,0
France,FRA,2010,1.74,4.225,6.975,9.38,10.875,0
France,FRA,2011,5.375,6.68,7.725,12.4,13.25,0
France,FRA,2012,6.825,3.066666667,8.575,8.35,12.525,0
France,FRA,2013,4.475,3.65,4.325,8.24,10.55,0
France,FRA,2014,7.2,7.2,8.625,11,12.725,0
France,FRA,2015,5.566666667,4.76,6.95,10.2,12.56666667,1
France,FRA,2016,6.5,6.275,6.9,9.066666667,13.26,0
France,FRA,2017,2.875,6.8,9.833333333,9.7,14.25,0
France,FRA,2018,7.325,3.025,5.7,11.8,13.63333333,1
France,FRA,2019,4.8,7.242857143,9.2,10.24285714,12.025,1
France,FRA,2019,4.8,7.242857143,9.2,10.24285714,12.025,1
France,FRA,2020,6.9,8.028571429,7.8,12,13.4,1
France,FRA,2021,4.7375,6.19,7.933333333,7.35,11.32,0
Germany,DEU,1990,4.75,6.225,6.9,7.95,12.7,0
Germany,DEU,1991,3.05,-0.625,5.25,7,9,0
Germany,DEU,1992,3.55,4.325,5.125,7.125,13.175,0
Germany,DEU,1993,2.975,2.125,3.575,8.3,12.625,0
Germany,DEU,1994,3.925,-0.35,4.35,7.575,11.2,0
Germany,DEU,1995,1.975,4.825,3.95,7.275,10.575,0
Germany,DEU,1996,-1.575,-2.375,0.425,6.875,8.7,0
Germany,DEU,1997,-0.725,3.575,4.275,6.15,10.55,0
Germany,DEU,1998,3.9,5.16,5.25,7.7,12.575,0
Germany,DEU,1999,3.76,2.48,4.925,8.2,11.525,0
Germany,DEU,2000,3.95,4.575,4.925,8.5,13.175,0
Germany,DEU,2001,2.225,1.65,1.875,6.3,11.23333333,0
Germany,DEU,2002,4.283333333,5.8,5.566666667,7.783333333,12.18333333,0
Germany,DEU,2003,2.05,0.366666667,4.7,7.683333333,11.6,1
Germany,DEU,2004,2.383333333,3.733333333,4.516666667,8.34,10.96666667,0
Germany,DEU,2005,5.15,1.52,2.88,7.82,10.82,0
Germany,DEU,2006,0.9,2.3,0.875,6.5,11.68,1
Germany,DEU,2007,6.3,4.44,7.16,10.18333333,12.06666667,0
Germany,DEU,2008,5.233333333,5.183333333,5.083333333,7.583333333,12.8,0
Germany,DEU,2009,2,2.466666667,4.766666667,9.82,11.68333333,0
Germany,DEU,2010,-1.78,-0.433333333,3.65,7.5,9,0
Germany,DEU,2011,1.983333333,1.583333333,3.733333333,9.416666667,11.75,0
Germany,DEU,2012,3.65,-0.15,5.66,6.8,11.71666667,0
Germany,DEU,2013,1.72,1.05,0.45,5.2,10.15,0
Germany,DEU,2014,3.35,5.1,6.375,9.416666667,12.02,0
Germany,DEU,2015,4.24,3.18,5.44,7.36,10.34,0
Germany,DEU,2016,2.766666667,4.02,4.74,7.2,12.55,0
Germany,DEU,2017,3.15,3.083333333,5.74,7.04,12.02,0
Germany,DEU,2018,3.76,0.35,1.7,8.78,15.2,1
Germany,DEU,2019,3.455555556,5.155555556,6.5,8.611111111,10.48888889,1
Germany,DEU,2019,3.455555556,5.155555556,6.5,8.611111111,10.48888889,1
Germany,DEU,2020,6.3,5.966666667,5.76,8.388888889,10.64444444,0
Germany,DEU,2021,2.688888889,1.977777778,4.8,6.211111111,9.722222222,0
Greece,GRC,1990,6.55,9.85,12.9,15.55,19.9,0
Greece,GRC,1991,6.35,7.7,12.1,13.85,17.15,0
Greece,GRC,1992,7.1,7.55,10.5,14.8,19,0
Greece,GRC,1993,6.8,6.1,9.6,14.9,19.95,0
Greece,GRC,1994,9.75,9.15,12.1,15.4,20.3,0
Greece,GRC,1995,7.8,10.65,10.85,14.35,19.6,0
Greece,GRC,1996,7.9,8.15,8.4,13.65,21,0
Greece,GRC,1997,9.15,9.15,10.65,11.55,21.5,0
Greece,GRC,1998,8.5,10.25,9.35,15.7,19.8,0
Greece,GRC,1999,7.8,7.5,11.55,15.7,21.15,0
Greece,GRC,2000,5.05,8.8,10.65,16.9,21.8,1
Greece,GRC,2001,10.2,9.85,14.7,15,20.7,0
Greece,GRC,2002,6.9,11.4,12.65,14.9,20.5,0
Greece,GRC,2003,10.05,5.6,10,13.85,22.2,0
Greece,GRC,2004,6.65,8.95,11.35,15.25,18.7,0
Greece,GRC,2005,7.85,6.95,10.95,14.8,20.5,0
Greece,GRC,2006,5.7,7.5,10.95,15.45,20.5,0
Greece,GRC,2007,9.05,9.8,12.1,15.65,21.15,1
Greece,GRC,2008,7.8,8.9,12.8,15.4,20.3,0
Greece,GRC,2009,8.75,8,10.55,15.3,21.45,0
Greece,GRC,2010,8.6,9.55,11.4,16.25,20.5,0
Greece,GRC,2011,7.95,9.15,11.1,15.15,19.7,0
Greece,GRC,2012,5.25,7.15,12.25,16.3,20.75,0
Greece,GRC,2013,9.15,9.9,12.35,16.95,22.6,0
Greece,GRC,2014,10.35,10.95,12.9,15.45,20.05,0
Greece,GRC,2015,8.45,8.6,10.6,14.3,20.2,0
Greece,GRC,2016,8.5,12.4,11.85,16.65,18.8,0
Greece,GRC,2017,4.6,10.1,12.8,14.8,19.45,0
Greece,GRC,2018,8.55,9.8,12.5,17.5,21.5,0
Greece,GRC,2019,4.328571429,7.428571429,13.4,13.51428571,17.68571429,0
Greece,GRC,2020,5.3,8.4875,12.5,13.15,18.68571429,0
Greece,GRC,2021,8.025,7.82,10.1,12.33,19.12,0
Hungary,HUN,1990,-1.4,2.8,8,9.6,15.2,0
Hungary,HUN,1991,-1.4,-3.3,7.05,8.35,11.8,0
Hungary,HUN,1992,-0.95,0.8,5.15,10.65,14.95,0
Hungary,HUN,1993,-0.25,-1.65,3.6,10.15,17.65,0
Hungary,HUN,1994,2.7,0.4,7.85,10.25,14.8,0
Hungary,HUN,1995,-1.35,4.3,4.65,10.2,14.3,0
Hungary,HUN,1996,-2.9,-3.45,1,10.4,16.25,0
Hungary,HUN,1997,-3.25,1.6,4.95,7.2,15.7,0
Hungary,HUN,1998,1.2,4.1,3.85,11.5,14.7,0
Hungary,HUN,1999,-1.35,-0.15,6.65,11.6,15.3,0
Hungary,HUN,2000,-3.8,1.9,4.9,13.5,17.7,0
Hungary,HUN,2001,-0.5,1.6,6.2,10.5,17.55,0
Hungary,HUN,2002,-0.15,4.75,7.4,10.75,18.35,0
Hungary,HUN,2003,-3.5,-3.5,3.9,9.9,18.9,0
Hungary,HUN,2005,-1,-3,3.2,11.4,15.62,0
Hungary,HUN,2006,-4,-2.3,3.1,11.51666667,14.7,0
Hungary,HUN,2007,3.5,3.6,8.5,12.6,17.7,1
Hungary,HUN,2008,0.3,3.3,6.1,11.2,15.9,0
Hungary,HUN,2009,-2.2,0.2,4.7,14.4,16,0
Hungary,HUN,2010,-2.433333333,-0.5,5.7,11.1,15.3,0
Hungary,HUN,2011,-1.5,-2.6,5.7,12.8,16.4,0
Hungary,HUN,2012,-0.2,-3.828571429,7.5,12,16.8,0
Hungary,HUN,2013,-2,1.3,2.5,11.6625,15.37142857,0
Hungary,HUN,2014,1.9,3.8,9.4,11.85,15.5,0
Hungary,HUN,2015,1.3,1.3,6.8,10.64,16.1,0
Hungary,HUN,2016,-2.2,5.1,6.8,12.6,15.65,0
Hungary,HUN,2017,-6.5,1.9,8.8,10.8,16.6,0
Hungary,HUN,2018,2.4,-0.92,2.9,15.36666667,18.46,0
Hungary,HUN,2019,-0.542857143,3.34,8.5,11.88888889,12.9,0
Hungary,HUN,2020,-0.342857143,5.475,6.7,11.7,13.72222222,0
India,IND,1990,9.25,13.7,17.6,18.5,31.1,0
India,IND,1991,4.5,13.9,13.45,17.6,28.9,0
India,IND,1992,7.5,8.75,12.65,23.8,22.2,0
India,IND,1993,5.75,11.2,12.4,19.55,24.7,0
India,IND,1994,8,9.15,15.4,17.8,24.05,0
India,IND,1995,5.65,8.5,13.1,17.95,24.45,0
India,IND,1996,6.25,10,14.6,19.6,22.5,0
India,IND,1997,5.2,9.25,14.1,18.55,21.7,0
India,IND,1998,7.05,9.85,13.15,20.05,24.85,0
India,IND,1999,7,10.65,19.4,21.85,24.85,0
India,IND,2000,6.95,8.7,13.65,21.1,26.8,0
India,IND,2001,7.2,10.8,15.25,20.4,26.15,0
India,IND,2002,7.45,9.35,15.6,21.1,25.8,0
India,IND,2003,6.3,9.65,13.6,20.25,22.65,0
India,IND,2004,7.15,10.8,17.7,20.95,24.1,0
India,IND,2005,6.4,7.95,14.1,19.5,22.6,1
India,IND,2006,6.6,13.1,14.75,20.35,26.6,0
India,IND,2007,6.9,10.65,13.55,22.5,24.7,0
India,IND,2008,5.55,7.75,16.9,19.25,23.8,0
India,IND,2009,8.2,10.8,15.1,20,24.75,0
India,IND,2010,6.4,10.4,18.15,22.25,24.6,0
India,IND,2011,6.25,9.9,15.2,18.8,26.2,0
India,IND,2012,5.7,8.7,14.6,19.65,24.1,0
India,IND,2013,6.65,10.05,15.85,19.85,25,0
India,IND,2014,6.7,9,12.8,18.3,23.7,0
India,IND,2015,7.05,10.6,13,19.65,24.45,0
India,IND,2016,8.933333333,12.73333333,16.7,22.4,27.43333333,0
India,IND,2017,8.433333333,12.36666667,16.1,14.2,27.06666667,0
India,IND,2018,8.766666667,12.46666667,18.1,20.8,26.8,0
India,IND,2019,7.2,8.8,13.625,21.3,23.375,1
India,IND,2019,7.2,8.8,13.625,21.3,23.375,1
India,IND,2020,6.475,12.03333333,13.675,19.05,25.46666667,0
India,IND,2021,8.066666667,9.383333333,12.75,15.53333333,20,0
Israel,ISR,1990,11.1,11.575,14.7,18.975,21.625,0
Israel,ISR,1991,11.9,13.15,16.61666667,19.88333333,22.2,0
Israel,ISR,1992,9.9,10.1,13.41666667,17.75,21.18333333,0
Israel,ISR,1993,10.65,10.58333333,14.31666667,18.9,21.43333333,0
Israel,ISR,1994,14.06666667,13.36666667,14.83333333,20.96666667,22.88333333,0
Israel,ISR,1995,12.26666667,13.15,15.66666667,17.91666667,21.96666667,0
Israel,ISR,1996,12.73333333,14.4,15.12857143,18.16666667,23.33333333,0
Israel,ISR,1997,13.5,11.44285714,13.77142857,17.47142857,22.62857143,0
Israel,ISR,1998,12.53333333,13.72,14.76,20.64,22.98333333,0
Israel,ISR,1999,13.6,13.81666667,16.54,19.12,23.58333333,0
Israel,ISR,2000,11.78,12.41666667,14,20.15,22.08333333,1
Israel,ISR,2001,13.76,14.08,19.18,20.98,23.54,0
Israel,ISR,2002,12.6,15.54,18.475,19.46,22.52,0
Israel,ISR,2003,15.06,13.95,14.9,20.08,25.78,0
Israel,ISR,2004,13.64,14.24,17.66,20.225,23.12,0
Israel,ISR,2005,14.35,13.9,16.72,20.58,22.75,0
Israel,ISR,2006,12.275,13.975,15.875,19.25,22.325,0
Israel,ISR,2007,11.95,13.3,15.025,18.9,23.8,0
Israel,ISR,2008,10.02,12.48,18.7,21.12,22.34,0
Israel,ISR,2009,13,13.94,14.98,19.5,22.9,0
Israel,ISR,2010,14.84,15.86,18.42,20.48,23.68,0
Israel,ISR,2011,13.42,14.1,15.72,19.04,22.54,0
Israel,ISR,2012,11.26,12.44,14.24,20.3,23.6,0
Israel,ISR,2013,12.64,14.78,18.12,19.86,24.36,0
Israel,ISR,2014,13.26,14.06,17.1,20.9,23.56,0
Israel,ISR,2015,11.8,13.44,17.36,18.9,24.28,0
Israel,ISR,2016,11.42,15.16,17.46,22.26,23.64,0
Israel,ISR,2017,11.4,12.18,16.14,20.12,23.94,0
Israel,ISR,2018,12.64,15.6,18.7,20.46,25.74,0
Israel,ISR,2019,11.8,13.04285714,14.56,17.58571429,24.11428571,0
Israel,ISR,2020,11.14285714,12.8,16.14,18.21428571,23.34285714,0
Israel,ISR,2021,13.57142857,13.9,15.8,19.81111111,24.36666667,0
Italy,ITA,1990,-2,-0.166666667,3.1,2.733333333,9.7,0
Italy,ITA,1991,-4.5,-5.866666667,2.333333333,2.133333333,4.7,0
Italy,ITA,1992,-2.8,-2.366666667,0.433333333,2.966666667,9.433333333,0
Italy,ITA,1993,-1.9,-2.866666667,-1.066666667,4,9.1,0
Italy,ITA,1994,-2.933333333,-4.333333333,3.366666667,2.266666667,8.066666667,0
Italy,ITA,1995,-6.333333333,-1.266666667,-2.3,3.933333333,7.866666667,0
Italy,ITA,1996,-2.7,-5.7,-1.566666667,4.133333333,8.233333333,0
Italy,ITA,1997,-2.2,-1.366666667,3.9,2.5,8.633333333,0
Italy,ITA,1998,-3.333333333,0.766666667,0.033333333,2.8,8.5,1
Italy,ITA,1999,-4.05,-5,0.566666667,3.633333333,9.666666667,0
Italy,ITA,2000,-4.866666667,-2.033333333,0.733333333,4.833333333,9.666666667,0
Italy,ITA,2001,-5.266666667,-3.4,1.1,1.266666667,9.733333333,0
Italy,ITA,2002,-3.433333333,-1.133333333,0.966666667,2.333333333,8.166666667,0
Italy,ITA,2003,-5.9,-6.966666667,1.2,2.233333333,9.6,1
Italy,ITA,2004,-6.766666667,-3.566666667,-1.966666667,2.933333333,5.9,0
Italy,ITA,2005,-5.7,-6.5,0.25,5.1,10.55,0
Italy,ITA,2006,-6.5,-3.866666667,-2.3,3.933333333,8.3,0
Italy,ITA,2007,-0.833333333,-1.1,0.4,7.966666667,9.366666667,1
Italy,ITA,2008,-2.166666667,-1.266666667,-0.733333333,4.825,11.075,0
Italy,ITA,2009,-5.166666667,-4.466666667,-0.6,4.766666667,10.66666667,0
Italy,ITA,2010,-6.7,-5,-1.433333333,4.466666667,7.166666667,0
Italy,ITA,2011,-3.666666667,-0.9,1.2,6.8,10.03333333,1
Italy,ITA,2012,-3.5,-6.1,3.866666667,3.833333333,8.833333333,0
Italy,ITA,2013,-2.733333333,-5.3,-0.933333333,4.633333333,6.6,0
Italy,ITA,2014,-1.8,-1.333333333,1.933333333,5.366666667,7.566666667,0
Italy,ITA,2015,-1.733333333,-2.6,1.15,5.233333333,9.633333333,0
Italy,ITA,2016,-2.7,-2.05,0.266666667,5.166666667,8.066666667,0
Italy,ITA,2017,-6.233333333,-0.766666667,3.7,4.666666667,9.766666667,0
Italy,ITA,2018,-2.133333333,-5.35,-1,7.066666667,9.966666667,1
Italy,ITA,2019,-3,1.328571429,1.3,6.742857143,8.157142857,1
Italy,ITA,2020,-0.528571429,1.714285714,-0.1,8.457142857,11.55714286,0
Italy,ITA,2021,-3.5375,1.077777778,-0.9,5.244444444,9.511111111,0
Japan,JPN,1990,-6.32,-2.26,1.18,6.44,11.3,0
Japan,JPN,1991,-2.36,-4.4,-1.06,6.36,11.82,0
Japan,JPN,1992,-4.02,-3.96,-0.56,5.175,9.7625,0
Japan,JPN,1993,-3.15,-3.45,-0.275,4.0875,9.775,0
Japan,JPN,1994,-6.225,-2.8,-1.5125,4.977777778,11.74444444,0
Japan,JPN,1995,-4.566666667,-4.555555556,-0.855555556,5.766666667,12.03333333,0
Japan,JPN,1996,-4.844444444,-4.622222222,-1.122222222,4.033333333,8.188888889,0
Japan,JPN,1997,-3.844444444,-3.388888889,-1.311111111,5.211111111,9.3,0
Japan,JPN,1998,-7.155555556,-5.655555556,0.266666667,7.144444444,11.85555556,0
Japan,JPN,1999,-4.575,-5.277777778,-2.122222222,4.733333333,10.13333333,0
Japan,JPN,2000,-4.711111111,-6.433333333,-1.722222222,4.188888889,11.21111111,0
Japan,JPN,2001,-7.188888889,-7.333333333,-2.033333333,6.122222222,10.95555556,0
Japan,JPN,2002,-4.166666667,-1.777777778,0.8,7.811111111,11.64444444,0
Japan,JPN,2003,-5.155555556,-6.022222222,-1.066666667,6.155555556,11.25555556,0
Japan,JPN,2004,-4.077777778,-3.111111111,-0.544444444,4.788888889,12.18888889,1
Japan,JPN,2005,-5.1625,-5.9375,-1,4.45,8.375,0
Japan,JPN,2006,-5.755555556,-4.366666667,-0.3,3.122222222,11.01111111,0
Japan,JPN,2007,-3.833333333,-3.288888889,-0.644444444,4.233333333,9.677777778,1
Japan,JPN,2008,-6.166666667,-5.188888889,1.077777778,6.6,9.955555556,1
Japan,JPN,2009,-2.877777778,-4.033333333,0.155555556,5.577777778,11.75555556,1
Japan,JPN,2010,-3.444444444,-4.7,-1.255555556,4.077777778,9.377777778,1
Japan,JPN,2011,-5.666666667,-2.744444444,-0.788888889,5.4,8.388888889,1
Japan,JPN,2012,-6.155555556,-6.466666667,-1.85,5.255555556,10.27777778,0
Japan,JPN,2013,-6.411111111,-5.477777778,-1.133333333,4.833333333,8.811111111,0
Japan,JPN,2014,-5.733333333,-4.755555556,-1.211111111,4.9,11.05555556,1
Japan,JPN,2015,-3.133333333,-2.6625,2.255555556,6.888888889,11.92222222,1
Japan,JPN,2015,-3.133333333,-2.6625,2.255555556,6.888888889,11.92222222,1
Japan,JPN,2016,-5.325,-4.222222222,0.422222222,5.411111111,13,1
Japan,JPN,2017,-5.244444444,-3.477777778,-0.411111111,6.133333333,12.13333333,0
Japan,JPN,2018,-3.866666667,-5.811111111,0.733333333,6.455555556,10.81111111,1
Japan,JPN,2019,-4.633333333,-4.344444444,0.4,5.855555556,13.77777778,1
Japan,JPN,2019,-4.633333333,-4.344444444,0.4,5.855555556,13.77777778,1
Japan,JPN,2020,-4.033333333,-4.177777778,1.555555556,4.822222222,11.7,0
Japan,JPN,2021,-6.225,-3.7,1.677777778,6.077777778,10.57777778,0
Jordan,JOR,1990,6.6,7.725,11.75,17,21.7,0
Jordan,JOR,1991,7.7,9.6,14.1,19.2,21.25,0
Jordan,JOR,1992,4.6,5.6,10,15.9,20.3,0
Jordan,JOR,1993,6.8,7.266666667,11.7,17.36666667,20.23333333,0
Jordan,JOR,1994,10.26666667,9.6,12.76666667,19.73333333,22.96666667,0
Jordan,JOR,1995,8.866666667,9.633333333,13.33333333,16.96666667,23.76666667,0
Jordan,JOR,1996,8.566666667,11.1,12.5,16.86666667,25.13333333,0
Jordan,JOR,1997,8.966666667,6.766666667,10.16666667,16.06666667,23.9,0
Jordan,JOR,1998,7.8,9.733333333,11.56666667,18.86666667,23.16666667,0
Jordan,JOR,1999,8.85,10.93333333,13.66666667,18.23333333,24.46666667,0
Jordan,JOR,2000,7.266666667,8.2,11.5,19.15,22.1,1
Jordan,JOR,2001,8.7,9.733333333,16.9,19.16666667,21.8,0
Jordan,JOR,2002,6.7,10.7,14.93333333,17.36666667,21.25,0
Jordan,JOR,2003,9.733333333,8.7,11,17.55,24.35,0
Jordan,JOR,2004,8.233333333,9.6,14.9,17.55,21.65,0
Jordan,JOR,2005,8.35,8.7,13.5,18.3,21.35,0
Jordan,JOR,2006,8.6,10.86666667,14.16666667,18.03333333,23.4,0
Jordan,JOR,2007,7.433333333,10.4,12.15,16.73333333,24.6,0
Jordan,JOR,2008,4.733333333,8.7,17.1,19.8,21.73333333,0
Jordan,JOR,2009,8.066666667,10.46666667,12.46666667,17.45,21.6,0
Jordan,JOR,2010,11.25,12.5,16.26666667,19.3,23.4,0
Jordan,JOR,2011,9.35,10.15,12.7,17.3,22.03333333,0
Jordan,JOR,2012,7,8.55,10.9,19.15,22.7,0
Jordan,JOR,2013,8.9,11.93333333,15.15,17.6,23.05,0
Jordan,JOR,2014,9.3,10.96666667,15.23333333,20.06666667,22.93333333,0
Jordan,JOR,2015,8.133333333,10.1,14.83333333,17.36666667,23.76666667,0
Jordan,JOR,2016,7.95,12.45,15.05,19.8,22.2,0
Jordan,JOR,2017,7.65,8.5,13.55,19.4,23.3,0
Jordan,JOR,2018,9.05,12.6,17.05,19,24.3,0
Jordan,JOR,2019,8.8,9.91,11.85,15.38,24.32,0
Jordan,JOR,2020,7.87,10,14.9,16.93,22.72,0
Jordan,JOR,2021,10.22,11.25,13.65,19.33,24.09,0
"Korea, Democratic People's Republic of",PRK,1990,-9.057142857,-1.785714286,4.228571429,8.557142857,14.07142857,0
"Korea, Democratic People's Republic of",PRK,1991,-8.214285714,-4.971428571,1.128571429,9.214285714,14.58571429,0
"Korea, Democratic People's Republic of",PRK,1992,-5.914285714,-4.085714286,3.057142857,9.242857143,14.3,0
"Korea, Democratic People's Republic of",PRK,1993,-7.328571429,-3.228571429,2.7,7.9,14.8,0
"Korea, Democratic People's Republic of",PRK,1994,-7.142857143,-4.442857143,0.271428571,10.85714286,14.67142857,0
"Korea, Democratic People's Republic of",PRK,1995,-6.642857143,-2.971428571,2.166666667,8.314285714,13.74285714,0
"Korea, Democratic People's Republic of",PRK,1996,-7.785714286,-5.428571429,1.2,8.316666667,14.51666667,0
"Korea, Democratic People's Republic of",PRK,1997,-9.65,-4.3,2.8,10.3,14.68,0
"Korea, Democratic People's Republic of",PRK,1998,-7.271428571,-1.457142857,4.028571429,12.1,16.14285714,0
"Korea, Democratic People's Republic of",PRK,1999,-6.114285714,-3.6,1.857142857,9.8,14.78571429,0
"Korea, Democratic People's Republic of",PRK,2000,-8.7,-6.671428571,2.357142857,8.628571429,14.51428571,0
"Korea, Democratic People's Republic of",PRK,2001,-10.55714286,-5.442857143,1.057142857,10.11428571,16.12857143,0
"Korea, Democratic People's Republic of",PRK,2002,-5.271428571,-1.571428571,4.442857143,10.38571429,15.88571429,0
"Korea, Democratic People's Republic of",PRK,2003,-8.314285714,-2.471428571,2.357142857,10.28571429,15.81428571,0
"Korea, Democratic People's Republic of",PRK,2004,-6.985714286,-2.6,2.042857143,10.34285714,15.08571429,0
"Korea, Democratic People's Republic of",PRK,2005,-7.514285714,-6.871428571,0.514285714,9.842857143,13.9,0
"Korea, Democratic People's Republic of",PRK,2006,-6.828571429,-4.985714286,1.571428571,7.671428571,15.28571429,0
"Korea, Democratic People's Republic of",PRK,2008,-7.457142857,-4.771428571,4.242857143,11.34285714,15.1,0
"Korea, Democratic People's Republic of",PRK,2009,-6.914285714,-2.157142857,1.885714286,9.871428571,16.65714286,0
"Korea, Democratic People's Republic of",PRK,2010,-8.657142857,-4.242857143,-0.057142857,6.542857143,14.72857143,0
"Korea, Democratic People's Republic of",PRK,2011,-10.78571429,-3.314285714,1.257142857,8.514285714,14.32857143,0
"Korea, Democratic People's Republic of",PRK,2012,-8.728571429,-6.628571429,1.214285714,9.2,16.07142857,0
"Korea, Democratic People's Republic of",PRK,2013,-8.685714286,-6.042857143,0.985714286,7.028571429,15.38571429,0
"Korea, Democratic People's Republic of",PRK,2014,-5.757142857,-4.028571429,3.914285714,11.11428571,15.45714286,0
"Korea, Democratic People's Republic of",PRK,2015,-6.071428571,-3.042857143,2.728571429,10.37142857,16.37142857,0
"Korea, Democratic People's Republic of",PRK,2016,-8.528571429,-4.214285714,3.514285714,10.72857143,16.05714286,0
"Korea, Democratic People's Republic of",PRK,2017,-6.342857143,-3.628571429,3.285714286,11.18571429,16.52857143,0
"Korea, Democratic People's Republic of",PRK,2018,-8.8,-6.666666667,4.1,10.95,15.52857143,1
"Korea, Democratic People's Republic of",PRK,2019,-4.811111111,-2.8,4.1,9.555555556,16.56666667,0
"Korea, Democratic People's Republic of",PRK,2020,-3.15,-1.3,4.34,8.97,15.37,0
"Korea, Democratic People's Republic of",PRK,2021,-7.19,-1.68,4.83,10.64,14.85,0
"Korea, Republic of",KOR,1990,-2.766666667,2.366666667,7,11.2,16.03333333,1
"Korea, Republic of",KOR,1991,-2.533333333,-0.866666667,4.8,12.56666667,17.13333333,0
"Korea, Republic of",KOR,1992,0.033333333,0.833333333,6.666666667,12.33333333,16.13333333,0
"Korea, Republic of",KOR,1993,-1.5,1.266666667,5.4,10.86666667,17.53333333,0
"Korea, Republic of",KOR,1994,-0.966666667,0.4,4.133333333,14.2,17.63333333,0
"Korea, Republic of",KOR,1995,-1.933333333,0.833333333,5.266666667,11.43333333,16.73333333,0
"Korea, Republic of",KOR,1996,-2.1,-1.433333333,4.3,10.6,17.46666667,0
"Korea, Republic of",KOR,1997,-2.866666667,0.6,6.5,12.83333333,16.66666667,0
"Korea, Republic of",KOR,1998,-1.233333333,2.566666667,7.633333333,15.16666667,18.56666667,0
"Korea, Republic of",KOR,1999,-0.433333333,1.166666667,6.1,13.1,17.56666667,0
"Korea, Republic of",KOR,2000,-1.433333333,-1.333333333,6.433333333,11.76666667,17.06666667,0
"Korea, Republic of",KOR,2001,-4.033333333,-0.233333333,4.933333333,13.3,18.9,0
"Korea, Republic of",KOR,2002,-0.333333333,2.733333333,8.133333333,13.7,17.73333333,0
"Korea, Republic of",KOR,2003,-2.7,1.966666667,5.833333333,12.56666667,18,0
"Korea, Republic of",KOR,2004,-1.566666667,2.433333333,6.433333333,13.4,17.7,0
"Korea, Republic of",KOR,2005,-2,-2.1,4.366666667,13.33333333,16.96666667,0
"Korea, Republic of",KOR,2006,-0.6,0.566666667,5.533333333,11.1,17.6,0
"Korea, Republic of",KOR,2007,0.266666667,3.666666667,6,11.5,18,0
"Korea, Republic of",KOR,2008,-1.433333333,-0.733333333,6.55,13.5,17.76666667,0
"Korea, Republic of",KOR,2009,-1.833333333,3.266666667,6.266666667,12.175,18.575,0
"Korea, Republic of",KOR,2010,-3.7,1.233333333,4.033333333,9.45,17.125,0
"Korea, Republic of",KOR,2011,-6.5,1.033333333,4.1,10.83333333,17,0
"Korea, Republic of",KOR,2012,-2.7,-2.15,4.825,12.225,18.5,0
"Korea, Republic of",KOR,2013,-3.733333333,-1.125,5.2,9.8,17.825,0
"Korea, Republic of",KOR,2014,-0.233333333,1.2,7.525,13.86666667,19.26666667,0
"Korea, Republic of",KOR,2015,-0.466666667,1.1,6.275,12.66666667,19.26666667,0
"Korea, Republic of",KOR,2016,-2.8,0.266666667,7.033333333,14.1,19.23333333,0
"Korea, Republic of",KOR,2017,-2.5,0.4,5.9,13.95,19.7,0
"Korea, Republic of",KOR,2018,-3.266666667,-1.6,7.975,13.3,17.73333333,1
"Korea, Republic of",KOR,2019,0,1.88,7.42,11.88,19.42,0
"Korea, Republic of",KOR,2020,2.38,3.24,6.866666667,11.06,17.78,0
"Korea, Republic of",KOR,2021,-2.583333333,2.31,7.45,12.08,15.77,0
Lithuania,LTU,1990,0.9,4.15,4.55,7.8,11.25,0
Lithuania,LTU,1991,0,-3.866666667,1.866666667,6.3,9.433333333,0
Lithuania,LTU,1992,0.366666667,0.2,2.566666667,4.7,12.03333333,0
Lithuania,LTU,1993,-0.466666667,-0.733333333,-0.3,7,15.3,0
Lithuania,LTU,1994,0.1,-8.1,-0.14,8.05,10.18,0
Lithuania,LTU,1995,-3.133333333,1.75,1.783333333,6.616666667,11,0
Lithuania,LTU,1996,-7.066666667,-8.033333333,-3.2,6.416666667,12.11666667,0
Lithuania,LTU,1997,-3.2,0.35,0.7,3.566666667,10.33333333,0
Lithuania,LTU,1998,0.66,0.75,-0.383333333,7.86,12.82857143,0
Lithuania,LTU,1999,-1.833333333,-3.733333333,2.557142857,8.328571429,9.95,1
Lithuania,LTU,2000,-1.683333333,0.933333333,1.65,10.55714286,12.06,0
Lithuania,LTU,2001,-0.614285714,-2.585714286,0.157142857,7.085714286,11.81428571,0
Lithuania,LTU,2002,-0.666666667,2.28,2.733333333,7.35,15.72,0
Lithuania,LTU,2003,-4.775,-5.175,0.6,4.74,12.26,0
Lithuania,LTU,2004,-6.46,-1.74,1.04,6.94,10.62,0
Lithuania,LTU,2005,0.18,-4.68,-3.75,6.34,11.2,0
Lithuania,LTU,2006,-6.48,-5.36,-2.92,5.7,11.7,0
Lithuania,LTU,2007,1.42,-6.2,4.94,6.02,12.725,0
Lithuania,LTU,2008,0.02,2.36,2.175,7.74,11.56,0
Lithuania,LTU,2009,-1.84,-3.35,0.48,8.28,11.88,0
Lithuania,LTU,2010,-10.2,-4.425,0.18,6.2,12.02,0
Lithuania,LTU,2011,-2.26,-7.38,0.18,7.64,11.76,0
Lithuania,LTU,2012,-2.44,-8.06,1.6,6.74,12.3,0
Lithuania,LTU,2013,-5.96,-1.48,-4.5,4.52,14.94,0
Lithuania,LTU,2014,-5.44,0.76,3.96,8.28,12.34,0
Lithuania,LTU,2015,0.075,0.45,4.05,6.275,10.4,0
Lithuania,LTU,2016,-5.9,1.8,2.1,6.575,14.175,0
Lithuania,LTU,2017,-2.25,-1.4,2.8,4.525,11.525,0
Lithuania,LTU,2018,-1.125,-6.225,-1.8,8.625,15.65,0
Lithuania,LTU,2019,-3.157142857,1.428571429,2.86,8.685714286,11.78571429,0
Lithuania,LTU,2020,3.125,2.5375,3.271428571,6.344444444,9.911111111,0
Lithuania,LTU,2021,-2.9,-5.011111111,1.55,5.566666667,10.82222222,0
Luxembourg,LUX,1990,2,5.9,7.3,7.5,14.9,0
Luxembourg,LUX,1991,1.1,-1.3,7.5,7.7,10.5,0
Luxembourg,LUX,1992,1.3,3.2,5.7,8.2,14.9,0
Luxembourg,LUX,1993,3.4,-0.9,5.2,10.8,14.1,0
Luxembourg,LUX,1994,2.7,1.4,6.9,7.9,12.3,0
Luxembourg,LUX,1995,1.5,4.6,3.7,8.7,13.1,0
Luxembourg,LUX,1996,-1,-0.6,2.7,9.4,10.6,0
Luxembourg,LUX,1997,-2.2,4.1,7.7,7.9,12.9,0
Luxembourg,LUX,1998,2.5,4.2,6,7.7,14.8,0
Luxembourg,LUX,1999,2.9,1.2,6.1,9,14.4,0
Luxembourg,LUX,2000,1.7,3.9,5.6,9.6,14.4,0
Luxembourg,LUX,2001,1.9,3.3,5.7,6.9,15.1,0
Luxembourg,LUX,2002,0.4,5.3,6.5,9,12.8,0
Luxembourg,LUX,2003,-0.1,0.2,7.7,9.5,13.7,1
Luxembourg,LUX,2004,0.9,3,4.9,9.7,12.2,0
Luxembourg,LUX,2005,1.8,-0.4,5.1,9.9,12.9,0
Luxembourg,LUX,2006,-1,0.5,2.9,8.7,13.4,0
Luxembourg,LUX,2007,4.9,5,6.4,14.6,14.6,0
Luxembourg,LUX,2008,3.6,4.4,4.5,7.7,16.1,0
Luxembourg,LUX,2009,-1.6,1.4,5.1,12.3,14.3,0
Luxembourg,LUX,2010,-2.1,1,5,10,10.9,0
Luxembourg,LUX,2011,1.9,2.7,7.1,13.3,15.1,0
Luxembourg,LUX,2012,3.1,-1.5,8.5,7.8,14.6,0
Luxembourg,LUX,2013,0.4,-0.6,1.6,8.4,10.6,0
Luxembourg,LUX,2014,3.6,4.2,8.1,11.7,12.7,0
Luxembourg,LUX,2015,1.5,1,5.9,10.2,12.8,0
Luxembourg,LUX,2016,2.3,3.3,4.2,7.8,13.4,0
Luxembourg,LUX,2017,-1.5,4.2,8.6,8.7,15.4,0
Luxembourg,LUX,2018,4.6,-1.3,3.8,12.7,16.3,0
Luxembourg,LUX,2019,0.6,5.3,7.1,9.8,11.5,0
Luxembourg,LUX,2020,3.6,5.2,6.2,12.9,13.7,0
Luxembourg,LUX,2021,1,3.9,5.7,6.7,10,0
Morocco,MAR,1990,10.9,13.45,15.15,14.7,18.5,0
Morocco,MAR,1991,9.9,11.25,13.55,14.4,17.125,0
Morocco,MAR,1992,10.275,12.4,13.625,15.775,19.35,0
Morocco,MAR,1993,9.85,11.825,14.225,14.675,17.075,0
Morocco,MAR,1994,10.725,11.8,14.6,14.85,18.03333333,0
Morocco,MAR,1995,11.125,13.175,14.5,16.1,19.5,0
Morocco,MAR,1996,14,11.775,14.025,16.125,18.35,0
Morocco,MAR,1997,13.15,13.575,15.55,17.5,18.575,0
Morocco,MAR,1998,12.325,14.65,15.475,15.325,17.525,0
Morocco,MAR,1999,11.05,10.65,13.7,16.1,18.925,0
Morocco,MAR,2000,10.275,12.95,14.925,15.175,18.775,1
Morocco,MAR,2001,12.575,12.625,15.675,16.075,18.1,0
Morocco,MAR,2002,12.775,13.275,14.625,15.83333333,17.825,0
Morocco,MAR,2003,11.375,11.5,15.125,15.775,19.525,0
Morocco,MAR,2004,11.95,12.975,13.35,15.325,16.975,0
Morocco,MAR,2005,9.15,10.025,14.525,15.8,19.4,0
Morocco,MAR,2006,10.25,11.7,13.95,16.675,19.925,0
Morocco,MAR,2007,10.875,13.525,13.475,15.225,18.3,0
Morocco,MAR,2008,12,13.925,13.925,16.9,17.65,0
Morocco,MAR,2009,11.4,12.275,15.1,14.825,19.25,0
Morocco,MAR,2010,13.175,14.95,15.1,17.375,18.575,0
Morocco,MAR,2011,12.1,11.5,13.575,17.85,20.475,0
Morocco,MAR,2012,10.25,9.4,13.8,14.775,20.05,0
Morocco,MAR,2013,11.9,11.05,14.475,15.925,17.425,0
Morocco,MAR,2014,12.425,12.575,14.075,17.3,19.45,0
Morocco,MAR,2015,11.06666667,10.96666667,13.03333333,16.43333333,20.56666667,0
Morocco,MAR,2016,13.8,13.2,12.5,15.73333333,18.6,0
Morocco,MAR,2017,10.26666667,13.13333333,14,16.96666667,20,0
Morocco,MAR,2018,11.26666667,10.6,13.9,14.93333333,17.06666667,0
Morocco,MAR,2019,11.22,12.125,14.825,15.65,20,0
Morocco,MAR,2020,10.6,13.925,14.6,16.15,19.85,0
Morocco,MAR,2021,11.68333333,14.11,14.59,16.97777778,19.525,0
Netherlands,NLD,1990,6,7.3,8,8.3,12.8,0
Netherlands,NLD,1991,3.4,-0.6,7.5,8.1,8.1,0
Netherlands,NLD,1992,3.65,5.2,6.4,8.4,14.7,0
Netherlands,NLD,1993,4.5,3.4,5.1,9.6,12.9,0
Netherlands,NLD,1994,5.5,1.4,6.5,7.9,11.6,0
Netherlands,NLD,1995,4.2,6.4,5.5,8.2,12.1,0
Netherlands,NLD,1996,-1.1,-0.3,2.4,8.1,9.6,0
Netherlands,NLD,1997,-0.9,5.1,6.7,7.3,11.5,0
Netherlands,NLD,1998,5.1,6.3,7,8.7,13.4,0
Netherlands,NLD,1999,5.3,3.9,6.6,9.3,13,0
Netherlands,NLD,2000,5.1,5.8,6.5,8.9,13.5,0
Netherlands,NLD,2001,3,4.35,4.3,7.7,12.5,0
Netherlands,NLD,2002,4.8,6.9,7.1,9.2,12.7,0
Netherlands,NLD,2003,3.4,2.1,6.7,9.4,12.7,1
Netherlands,NLD,2004,4.3,4.8,5.8,9.533333333,11.6,0
Netherlands,NLD,2005,5.75,2.866666667,5.6,9.3,11.5,0
Netherlands,NLD,2006,2,3.2,3.4,8.15,13.5,1
Netherlands,NLD,2007,7.7,6,7.9,11.5,13.16666667,0
Netherlands,NLD,2008,6.4,5.2,5.8,8.566666667,14.775,0
Netherlands,NLD,2009,1.725,3.2,5.8,11,13,0
Netherlands,NLD,2010,0.46,1.2,5.6,8.35,9.566666667,0
Netherlands,NLD,2011,3.975,4.266666667,5.2,11.03333333,12.775,0
Netherlands,NLD,2012,5.25,0.94,7.1,7.466666667,11.6,0
Netherlands,NLD,2013,2.4,2,2,6.975,10.6,0
Netherlands,NLD,2014,5.95,6.45,7.8,10.3,13.1,0
Netherlands,NLD,2015,5.1,4.1,6.1,7.94,11.3,0
Netherlands,NLD,2016,5.125,5.15,5.5,8.55,12.95,0
Netherlands,NLD,2017,2.3,4.54,7.9,8.1,14.16666667,0
Netherlands,NLD,2018,5.48,1.6,3.8,10.7,14.425,1
Netherlands,NLD,2019,4.35,6.3,7.5,9.933333333,10.96,1
Netherlands,NLD,2020,6.7,7.125,6.7,10.325,12.625,1
Netherlands,NLD,2021,4.033333333,3.644444444,6.1,6.433333333,10.31111111,0
Nigeria,NGA,2008,26.1,29.1,31.9,30.4,28,0
Nigeria,NGA,2009,28.1,28.85,32.4,29.3,28.3,0
Nigeria,NGA,2010,27.75,31,32.9,32.1,29.1,0
Nigeria,NGA,2011,26.65,30.9,32.2,30.6,28.9,0
Nigeria,NGA,2014,28.7,30.8,31.7,30.1,28.4,0
Nigeria,NGA,2019,25.275,26.725,30.6,32,30.2,0
Nigeria,NGA,2020,24.125,26.625,30.65,32.43333333,31.1,0
Nigeria,NGA,2021,26.8,26.34,29.77,31.15,30.66,0
North Macedonia,MKD,1991,-1.7,-1,8.2,8.8,11.9,0
North Macedonia,MKD,1992,-0.1,1.6,6.1,10.9,14.8,0
North Macedonia,MKD,1993,-2.6,-0.6,4.8,11.2,15.9,0
North Macedonia,MKD,1994,3.5,3.3,9.1,11.8,17,0
North Macedonia,MKD,1995,-0.3,5.9,5.7,9.9,14.9,0
North Macedonia,MKD,1996,1.3,1.3,2.6,9.7,16.8,0
North Macedonia,MKD,1997,3,3.2,4.5,5.7,16.9,0
North Macedonia,MKD,1998,2.8,4.2,3.3,12.8,14.8,0
North Macedonia,MKD,1999,1,0.4,6.3,11.3,17.1,0
North Macedonia,MKD,2000,-5.4,2,5.4,13.2,17.4,0
North Macedonia,MKD,2002,-2.65,4.4,6.35,8.15,13.55,0
North Macedonia,MKD,2003,1.2,-4.4,5.4,6.45,16.5,0
North Macedonia,MKD,2007,5.1,5.3,8,12.3,16.9,1
North Macedonia,MKD,2008,0.2,2.2,5.95,9.45,14.35,0
North Macedonia,MKD,2009,-0.4,-2.5,1,7.3,12.4,0
North Macedonia,MKD,2010,0.3,-0.4,2,9.65,11.1,0
North Macedonia,MKD,2011,-0.1,1.75,4.55,8.75,12.5,0
North Macedonia,MKD,2012,-4.6,-2.6,5.25,9.4,13.1,0
North Macedonia,MKD,2013,-1.3,0.3,2.9,8.2,11.5,0
North Macedonia,MKD,2014,3,6.6,5.7,9.25,12.4,0
North Macedonia,MKD,2015,0.2,2.6,4.8,10.3,17.1,0
North Macedonia,MKD,2017,-4,4.1,9.2,9.65,16.1,0
North Macedonia,MKD,2019,-3.15,3.8,9.6,11.6,14.4,0
North Macedonia,MKD,2020,0.95,4.3,7.05,10,15.65,0
North Macedonia,MKD,2021,2.95,3.4,3.433333333,7.825,14.8375,0
Pakistan,PAK,1990,12.8,13.3,17,22.6,31.5,0
Pakistan,PAK,1991,10.5,12.5,16.8,21.2,26.6,1
Pakistan,PAK,1992,11.4,12.8,16.5,21.6,26.4,0
Pakistan,PAK,1993,10.5,15.9,15.7,23.9,30.2,0
Pakistan,PAK,1994,12.3,12.2,19.1,22.2,28.7,0
Pakistan,PAK,1995,11,13.5,16.5,20.6,28.9,0
Pakistan,PAK,1996,11.2,14.9,18.7,24.4,28.4,1
Pakistan,PAK,1997,10.9,13.5,17.6,21.7,26.3,1
Pakistan,PAK,1998,10.8,12.7,16.8,24.7,29.3,0
Pakistan,PAK,1999,11.6,14.7,18.4,25.7,31.1,0
Pakistan,PAK,2000,11.5,12.5,17.7,26.5,33.2,1
Pakistan,PAK,2001,11.3,15.3,19.9,24.5,32.3,0
Pakistan,PAK,2002,9.3,9.75,16.05,21,27.85,0
Pakistan,PAK,2003,10.26666667,10.23333333,14.36666667,21.8,26.15,0
Pakistan,PAK,2004,8.9,12.56666667,20.03333333,22.96666667,27.26666667,0
Pakistan,PAK,2005,7.466666667,8.4,15.53333333,20,22.93333333,1
Pakistan,PAK,2006,7.3,14.53333333,15.63333333,21.73333333,29.63333333,0
Pakistan,PAK,2007,8.633333333,11.4,14.13333333,23.86666667,25.9,0
Pakistan,PAK,2008,5.666666667,10.26666667,18.93333333,20.1,26.3,0
Pakistan,PAK,2009,9.366666667,10.53333333,15.53333333,19.16666667,26.33333333,0
Pakistan,PAK,2010,10.23333333,9.666666667,19.06666667,22.33333333,25.73333333,0
Pakistan,PAK,2011,8.266666667,9.233333333,16.4,20.3,28.76666667,0
Pakistan,PAK,2012,6.866666667,9.325,14.15,21.175,24.7,0
Pakistan,PAK,2013,8.8,10.8,16.83333333,20.9,27.26666667,0
Pakistan,PAK,2014,10.03333333,10.96666667,14.33333333,21.03333333,24.9,0
Pakistan,PAK,2015,9.433333333,12.3,14.15,20.95,25.3,1
Pakistan,PAK,2016,9.35,12.4,15.5,19.75,27.5,0
Pakistan,PAK,2017,7.65,10.3,14.9,21.85,27.4,0
Pakistan,PAK,2018,8.65,10.95,16.8,21.4,23.9,0
Pakistan,PAK,2019,8.066666667,9.866666667,14.1,21.66666667,25.56666667,0
Pakistan,PAK,2020,7.5,11.93333333,17.15,22.75,28.45,0
Pakistan,PAK,2021,9.533333333,11.85555556,14.58888889,17.71111111,23.38888889,0
Portugal,PRT,1990,14.38571429,14.17142857,14.84285714,14.44285714,16.9,0
Portugal,PRT,1991,14.16666667,13.73333333,13.86666667,15.43333333,16.73333333,0
Portugal,PRT,1992,15.35714286,14.5,15.82857143,16.84285714,16.68571429,0
Portugal,PRT,1993,15.3,14.7,14.54,15.54,15.84,0
Portugal,PRT,1994,14.25,14.22,15.14,15.725,16.4,0
Portugal,PRT,1995,16.28,15.84,16.08,16.7,19.16,0
Portugal,PRT,1996,13.7,13.76,14.5,15.64,16.32,0
Portugal,PRT,1997,14.475,15.04,15.925,16.825,17.55,0
Portugal,PRT,1998,14.48,14.54,15.8,16.225,17.3,0
Portugal,PRT,1999,14.9,15.81666667,15.15,17.23333333,17.01428571,0
Portugal,PRT,2000,14.23333333,15.43333333,15.5,14.68571429,16.67142857,0
Portugal,PRT,2001,15.14285714,14.46666667,14.95,16.28333333,17,0
Portugal,PRT,2002,15.08571429,14.9,13.9,15.87142857,17.61428571,0
Portugal,PRT,2003,15.11666667,14.22857143,14.17142857,14.51428571,17.62857143,1
Portugal,PRT,2004,16.66666667,14.81666667,15.11666667,15.65714286,17.5,0
Portugal,PRT,2005,15.23333333,14.21666667,15.13333333,16.14285714,16.91428571,1
Portugal,PRT,2006,14.66666667,14.71666667,15.48333333,15.73333333,17.58333333,1
Portugal,PRT,2007,15.28333333,15.35,15.08333333,16.03333333,17.78333333,0
Portugal,PRT,2008,15.8,15.08571429,15.51428571,15.825,17.9,0
Portugal,PRT,2009,15.95,14.75,14.95,16.21666667,17.16666667,0
Portugal,PRT,2010,14.91666667,14.13333333,14.51666667,15.46666667,16.91666667,0
Portugal,PRT,2011,14.55,14.72,14.26,15.38,16.62,0
Portugal,PRT,2012,15.46666667,14.88333333,15.28333333,15.98333333,17.15,0
Portugal,PRT,2013,15.71666667,14.88333333,14.78333333,15.36666667,16.32857143,0
Portugal,PRT,2014,14.63333333,14.4,14.65,15.01666667,17.55,0
Portugal,PRT,2015,14.88333333,14.98333333,15.25,15.48333333,17.4,0
Portugal,PRT,2016,15.65714286,15.04,14.76666667,15.31666667,17.06,0
Portugal,PRT,2017,15.75,15.35714286,15.03333333,16.44285714,17.5,0
Portugal,PRT,2018,16,14.68333333,15.68,15.8,17.31666667,1
Portugal,PRT,2019,15.8375,15.175,15.5,15.8,18.1,0
Portugal,PRT,2020,16.2875,16.0625,15.48333333,16.3875,17.775,0
Portugal,PRT,2021,15.81111111,14.63,14.75,16.55,17.77,0
Romania,ROU,1991,-0.6,-4.3,2.7,7.5,11.1,0
Romania,ROU,1992,-2.2,-1.3,3.3,8,12.5,0
Romania,ROU,1993,-1.1,-2.6,0.7,7,15.1,0
Romania,ROU,1994,1.2,-1.9,4.5,9.7,14.1,0
Romania,ROU,1995,-3.2,3,2.8,8.3,12.7,0
Romania,ROU,1996,-6.9,-6.6,-3.9,7.5,16.9,1
Romania,ROU,1997,-5,-0.5,2.4,4.2,15,0
Romania,ROU,1998,-1.6,2.3,0.6,10.9,13.2,1
Romania,ROU,1999,-1.5,-1.4,3.3,9.4,12.6,0
Romania,ROU,2000,-4.3,1.1,2.7,11.7,15.2,1
Romania,ROU,2001,-1.7,-0.4,4.5,8.9,14.1,0
Romania,ROU,2002,-2.6,3.8,4.6,8.1,16.2,0
Romania,ROU,2003,-3.1,-7.3,-0.4,7,18.4,0
Romania,ROU,2004,-5.9,-1.1,3.8,8.9,13.4,1
Romania,ROU,2005,-0.9,-4.4,0.7,8.2,14.2,1
Romania,ROU,2006,-7.8,-3.7,0.1,9,13.4,1
Romania,ROU,2007,3.6,-0.3,5.9,9.2,16.3,1
Romania,ROU,2008,-2.9,1.3,4.9,9.8,14.23333333,0
Romania,ROU,2009,-2.5,-0.133333333,2.3,10.8,14.7,0
Romania,ROU,2010,-7,-3.5,2.6,9.35,15.85,0
Romania,ROU,2011,-2.7,-3,1.7,9.633333333,15.1,0
Romania,ROU,2012,-2.666666667,-9.45,3.5,10.4,15.4,0
Romania,ROU,2013,-4.1,-0.066666667,-0.7,11.13333333,16.56666667,0
Romania,ROU,2014,-3,1.9,6.5,10.16666667,14.4,0
Romania,ROU,2015,-0.266666667,0.2,3.9,9.3,15.5,0
Romania,ROU,2016,-2.9,4.95,5,12.73333333,12.325,0
Romania,ROU,2017,-5.55,0.033333333,6.5,8.71,14.08571429,0
Romania,ROU,2018,0,-1.86,-0.2,15.13333333,18.3,0
Romania,ROU,2019,-3.166666667,1.388888889,6,10.1125,13.7375,0
Romania,ROU,2020,0.55,3.575,4.9,10.225,13.11666667,0
Romania,ROU,2021,-0.64,-0.18,2.3,6.8,13.15,0
Russian Federation,RUS,1990,-23.1625,-21.925,-22.32857143,-13.22857143,-8.45,0
Russian Federation,RUS,1991,-23.8125,-27.1,-21.075,-22.55,-8.9,0
Russian Federation,RUS,1992,-27.04285714,-25.2,-21.3875,-18.8875,-6.5125,0
Russian Federation,RUS,1993,-26.675,-26.9125,-26.7125,-17.8,-7.0375,0
Russian Federation,RUS,1994,-26.7625,-27.08571429,-21.21428571,-17.7,-10.81428571,0
Russian Federation,RUS,1995,-24.65714286,-19.85714286,-19.7625,-11.1,-7.471428571,1
Russian Federation,RUS,1996,-22.1,-24.14285714,-19.46666667,-16.42,-10.16666667,0
Russian Federation,RUS,1997,-28.24,-26.52,-19.2,-17.48333333,-8.3,0
Russian Federation,RUS,1998,-25,-30.58,-22.22,-18.375,-9.625,0
Russian Federation,RUS,1999,-24.02,-23.24,-22.98,-17.98,-7.74,0
Russian Federation,RUS,2000,-21.46,-19.98,-21.22,-17.34,-7.92,0
Russian Federation,RUS,2001,-20.46,-19.54,-24.1,-21.3,-8.76,1
Russian Federation,RUS,2002,-25.6,-26.275,-21.075,-16.7,-9.75,0
Russian Federation,RUS,2003,-26.6,-27.325,-26.275,-17.725,-7.05,0
Russian Federation,RUS,2004,-28.225,-27.525,-22.8,-15.1,-7.25,0
Russian Federation,RUS,2005,-17.32,-15.22,-25.84,-17.86,-6.86,0
Russian Federation,RUS,2006,-13.52,-20,-21.86,-14.04,-6.4,0
Russian Federation,RUS,2007,-19.7,-22.26,-18.12,-11.86,-7.28,0
Russian Federation,RUS,2008,-18.9,-21.64,-23.48,-16.2,-8.52,0
Russian Federation,RUS,2009,-19.68,-22.98,-24.16,-19.42,-7.6,0
Russian Federation,RUS,2010,-19.06,-19.38,-19.92,-14.38,-5.28,1
Russian Federation,RUS,2011,-19.51666667,-20.06,-15.76666667,-11.9,-5.616666667,0
Russian Federation,RUS,2012,-12.53333333,-12.15,-13.85,-12.11666667,-6.383333333,0
Russian Federation,RUS,2013,-19.63333333,-22.06666667,-23.32,-15.02,-5.083333333,0
Russian Federation,RUS,2014,-20.36,-15.32,-14.96666667,-15.38333333,-6.6,0
Russian Federation,RUS,2015,-21.76,-21.92,-17.02,-11.26,-8.32,0
Russian Federation,RUS,2016,-12.02,-15.6,-16,-12.9,-5.62,0
Russian Federation,RUS,2017,-14.5,-16.52,-18.16,-14.02,-9.18,0
Russian Federation,RUS,2018,-16.525,-15.8,-23.74,-16.7,-6.42,0
Russian Federation,RUS,2019,-21.56,-20.72,-18.84,-13.6,-6.4,0
Russian Federation,RUS,2020,-22.36,-17.02,-21.04,-12.14,-5.04,0
Russian Federation,RUS,2021,-17.46,-18.98,-23.02,-13.22,-6.92,0
Serbia,SRB,1990,1,6.5,10.45,11.75,18.5,0
Serbia,SRB,1991,1.666666667,-1.1,8.8,10.3,13.1,0
Serbia,SRB,1992,1.5,3.866666667,7.566666667,12.76666667,17.5,0
Serbia,SRB,1993,1.133333333,-1.033333333,4.733333333,12.03333333,19.56666667,0
Serbia,SRB,1994,3.8,3.033333333,9.9,12.26666667,17.86666667,0
Serbia,SRB,1995,0.366666667,7.4,6.5,12,16.23333333,0
Serbia,SRB,1996,-0.633333333,-1.266666667,2.333333333,12.1,18.7,0
Serbia,SRB,1997,-0.4,4.6,6.2,7.733333333,18.03333333,0
Serbia,SRB,1998,4.133333333,6.333333333,4.733333333,13.83333333,16.4,0
Serbia,SRB,1999,1.466666667,2.033333333,8.566666667,13,17.13333333,0
Serbia,SRB,2000,-1.433333333,4.633333333,7.5,15.56666667,19.13333333,0
Serbia,SRB,2001,3.7,4.833333333,11.1,11.4,18.03333333,0
Serbia,SRB,2002,0.8,7.866666667,9.633333333,11.6,19.56666667,0
Serbia,SRB,2003,-0.533333333,-3.166666667,6.5,11.43333333,21.03333333,0
Serbia,SRB,2004,-0.7,3.066666667,7.066666667,12.53333333,15.46666667,0
Serbia,SRB,2005,1.033333333,-2.266666667,5.1,12.16666667,17.4,0
Serbia,SRB,2006,-1,1.333333333,6.033333333,13.13333333,16.8,0
Serbia,SRB,2007,7.033333333,6.566666667,9.5,14.13333333,18.86666667,1
Serbia,SRB,2008,2.733333333,5.633333333,8.5,13.3,18.66666667,0
Serbia,SRB,2009,-0.95,2.366666667,7.333333333,15.23333333,19.025,0
Serbia,SRB,2010,-9.25E-18,2.9,7.533333333,12.83333333,17.36666667,0
Serbia,SRB,2011,0.9,0.466666667,7.1,13.56666667,17,0
Serbia,SRB,2012,1.75,-3.933333333,9.3,13.675,17.4,0
Serbia,SRB,2013,2.766666667,4,6,14.23333333,18.175,0
Serbia,SRB,2014,4.75,6.8,10.3,13.35,16.5,0
Serbia,SRB,2015,3.25,2.6,7.7,12.55,18.35,0
Serbia,SRB,2016,1.066666667,8.375,8.45,14.7,16.975,0
Serbia,SRB,2017,-4.3,4.7,10.75,12,17.9,0
Serbia,SRB,2018,4.65,1.733333333,5.8,17.45,20.7,0
Serbia,SRB,2019,0.34,4.78,10.7,13.52,14.84,0
Serbia,SRB,2020,1,6.6,8.5,13.04,15.9,0
Serbia,SRB,2021,3.471428571,5.642857143,6.5,9.742857143,16.08571429,0
Slovakia,SVK,1990,-0.733333333,3.733333333,7.566666667,9.133333333,15.26666667,0
Slovakia,SVK,1991,-0.4,-3.666666667,6.6,8.1,11.76666667,0
Slovakia,SVK,1992,-0.366666667,2.2,4.5,10.13333333,15.36666667,0
Slovakia,SVK,1993,-1.4,-2.7,3.133333333,10.33333333,17.43333333,0
Slovakia,SVK,1994,2.366666667,1,6.933333333,10.13333333,14.7,0
Slovakia,SVK,1995,-1.566666667,3.9,4.3,9.933333333,14.13333333,0
Slovakia,SVK,1996,-2.833333333,-3.566666667,1.5,10.26666667,16.13333333,0
Slovakia,SVK,1997,-2.866666667,1.033333333,3.833333333,6.7,15.36666667,0
Slovakia,SVK,1998,1.566666667,3.8,3.433333333,11.36666667,14.8,0
Slovakia,SVK,1999,-0.733333333,-0.466666667,6.166666667,11.23333333,15.23333333,0
Slovakia,SVK,2000,-3.166666667,1.9,4.8,13.4,16.86666667,0
Slovakia,SVK,2001,0.133333333,1.4,6,9.5,16.76666667,0
Slovakia,SVK,2002,-1.933333333,3.5,6.233333333,9.766666667,17.8,0
Slovakia,SVK,2003,-2.566666667,-3.233333333,4.466666667,9.533333333,17.8,1
Slovakia,SVK,2004,-3.933333333,0.766666667,4.2,11.2,13.53333333,0
Slovakia,SVK,2005,-1.1,-2.95,2.466666667,11.025,15.46666667,0
Slovakia,SVK,2006,-5.066666667,-2.4,2.266666667,11.33333333,14.43333333,0
Slovakia,SVK,2007,3.533333333,4.1,7.066666667,11.7,16.73333333,1
Slovakia,SVK,2008,1.133333333,2.433333333,5.066666667,10.84,16.03333333,0
Slovakia,SVK,2009,-2.7,0.5,4.766666667,14.225,16.06,0
Slovakia,SVK,2010,-2.75,0.066666667,5.033333333,10.33333333,15.03333333,0
Slovakia,SVK,2011,-1.533333333,-0.8,5.633333333,12.4,15.43333333,0
Slovakia,SVK,2012,0.26,-3.48,6.466666667,11.38333333,16.86,0
Slovakia,SVK,2013,-1.666666667,0.825,2.533333333,11.6,15.45,0
Slovakia,SVK,2014,2.6,4.15,8.6,11.7,15.1,0
Slovakia,SVK,2015,1.7,1.55,6.25,10.7,15.4,0
Slovakia,SVK,2016,-1.1,5.7,6.25,11.13333333,15.7,0
Slovakia,SVK,2017,-5.766666667,2.3,8.45,9.966666667,16.36666667,0
Slovakia,SVK,2018,3,-1.025,2.8,15.075,18.525,0
Slovakia,SVK,2019,-1.63,2.88,7.366666667,12.34,12.97,0
Slovakia,SVK,2020,-0.78,4.75,5.766666667,11,13.33,0
Slovakia,SVK,2021,0.44,1.39,4.333333333,8.02,13.08,0
Slovenia,SVN,1991,-2.8,-5.7,2.2,1.65,4.2,0
Slovenia,SVN,1992,-2.1,-1.65,0.05,3.4,8.65,0
Slovenia,SVN,1993,-1.75,-3.25,-1.05,4,9.4,0
Slovenia,SVN,1994,-1.5,-3.15,4,2.5,8.05,0
Slovenia,SVN,1995,-4.4,-0.05,-1.65,4,7.8,0
Slovenia,SVN,1996,-3.4,-5.6,-2.95,3.85,8.55,0
Slovenia,SVN,1997,-2.25,-0.4,1.45,1,8.6,0
Slovenia,SVN,1998,-1.45,1.4,-0.95,3.65,9.95,0
Slovenia,SVN,1999,-2.4,-4.9,0.9,4.15,9.85,0
Slovenia,SVN,2000,-4.7,-1.35,1,6,9.85,0
Slovenia,SVN,2001,-1.9,-1.55,2.6,2.7,9.9,0
Slovenia,SVN,2002,-3,0.2,2.65,3,9.55,0
Slovenia,SVN,2003,-4.85,-6.05,1.2,2.7,10.85,1
Slovenia,SVN,2004,-5.3,-2.4,-0.65,3.5,6.35,0
Slovenia,SVN,2005,-4.2,-6.65,-0.25,3.7,11.76666667,0
Slovenia,SVN,2006,-5.2,-4.55,-1.55,4.4,8.1,0
Slovenia,SVN,2007,0.65,0.2,1.4,7.5,9.75,0
Slovenia,SVN,2008,4.6,-0.25,-0.5,3.2,9.25,0
Slovenia,SVN,2009,-4.066666667,-4.05,-0.1,9.375,12.5,0
Slovenia,SVN,2010,-4.933333333,-3.7,-0.6,4.15,7.45,0
Slovenia,SVN,2011,-3.1,-2.45,0.75,6.1,11.13333333,0
Slovenia,SVN,2012,-3.7,-6.7,3.7,7.75,8.65,0
Slovenia,SVN,2013,-2.45,-1.525,-1.65,5.4,11.075,0
Slovenia,SVN,2014,0.25,-0.8,3.2,5.65,7.85,0
Slovenia,SVN,2015,-2.15,-1.733333333,0.55,7.775,9.45,0
Slovenia,SVN,2016,-0.6,-0.35,-0.1,5.2,7.55,0
Slovenia,SVN,2017,-6.7,2.325,3.45,4.25,9.2,0
Slovenia,SVN,2018,-0.4,-2.55,-1.2,7.7,14.2,0
Slovenia,SVN,2019,-1.925,1.033333333,2.1,7.925,9.2,0
Slovenia,SVN,2020,-0.633333333,3.65,0.5,8.9,11.85,0
Slovenia,SVN,2021,-2.2,2.16,-0.05,5.1,9.55,0
Spain,ESP,1990,9.971428571,13.18888889,13.07142857,10.8125,16.92,0
Spain,ESP,1991,8.1625,7.744444444,11.34444444,10.58888889,13.19,0
Spain,ESP,1992,7.08,9.342857143,10.17777778,11.65,15.78,0
Spain,ESP,1993,10.48,8.79,10.52,11.82222222,14.68,0
Spain,ESP,1994,9.5375,9.79,11.975,11.25,14.5,0
Spain,ESP,1995,9.655555556,10.74444444,10.87,11.8,15.81,1
Spain,ESP,1996,11.28,8.388888889,11.12,12.54,14.06,0
Spain,ESP,1997,8.75,11.78,12.98,13.39,15.86,0
Spain,ESP,1998,10.76,11.44,12.5,11.48,14.88,0
Spain,ESP,1999,9.81,8.38,10.89,12.57,15.58,0
Spain,ESP,2000,7.28,10.81,10.23,11.64,15.34,0
Spain,ESP,2001,10.35,9.61,13.06,11.66,14.26,0
Spain,ESP,2002,11.24444444,11.28888889,11.91111111,11.87777778,14.1,0
Spain,ESP,2003,8.46,9.09,13,13.65,14.7,1
Spain,ESP,2004,10.49,8.99,9.68,11.33,14.05,1
Spain,ESP,2005,9.21,6.82,11.28,12.53,15.06,0
Spain,ESP,2006,7.71,7.45,12.45,12.58,15.51,1
Spain,ESP,2007,9.95,11.45,10.62,13.2,14.79,0
Spain,ESP,2008,10.51,11.89,10.58,12.21,15.07,0
Spain,ESP,2009,8.77,8.5,10.44,11.28,14.56,0
Spain,ESP,2010,8.12,8.69,10.66,13.29,14.09,0
Spain,ESP,2011,9.35,10.33,11.37,15.24,15.95,0
Spain,ESP,2012,9.4,7.01,11.44,10.4,15.53,0
Spain,ESP,2013,9.6,8.55,10.99,11.89,12.16,0
Spain,ESP,2014,10.78,10.19,11.23,14.02,14.22,0
Spain,ESP,2015,9.277777778,8.1,10.56666667,14.425,15.175,0
Spain,ESP,2016,10.8,9.555555556,9.7375,11.4,14.66666667,0
Spain,ESP,2017,7.82,11.01111111,11.7,12.45,16.04444444,0
Spain,ESP,2018,10.19,7.19,10.04,12.84,14.12,1
Spain,ESP,2019,8.02,11.2,11.48,12.29,14.09,1
Spain,ESP,2020,10.16,12.28,11.09,14.25,17.05,0
Spain,ESP,2021,8.55,12.13,11.33,12.46,14.1,0
Sudan,SDN,1991,20.1125,23.3375,26.07142857,32.2625,33.64,0
Sudan,SDN,1992,19.1,18.31428571,25.25714286,29.35,32.425,0
Sudan,SDN,1993,18.91428571,20.13333333,25.08,30.65,32.95,0
Sudan,SDN,1995,21.91666667,21.86666667,26.06666667,29.1,32.375,0
Sudan,SDN,1996,21.31428571,22.75,27.18571429,29.67142857,34.96,0
Sudan,SDN,1997,22.64285714,20.45714286,25.0375,29.9625,33.15,0
Sudan,SDN,1998,20.8625,22.48888889,25.4375,31.34444444,34.35555556,0
Sudan,SDN,1999,22.94444444,26.5,26.35555556,29.86666667,34.56666667,0
Sudan,SDN,2000,21.97777778,22.66666667,25.28888889,31.26666667,34.27777778,0
Sudan,SDN,2001,21.42222222,22.6,27.71111111,31.66666667,33.71428571,0
Sudan,SDN,2002,19.73333333,24.5,26.98888889,31.025,32.92222222,0
Sudan,SDN,2003,22.9,23.11111111,25.34444444,30.73333333,34.34444444,0
Sudan,SDN,2004,21.72222222,23,27.4,30.93333333,34.83333333,0
Sudan,SDN,2005,20.46666667,25.97777778,26.92222222,31.73333333,33,0
Sudan,SDN,2006,23.5,24.87777778,26.64444444,29.77777778,33.81111111,0
Sudan,SDN,2007,20.13333333,23.08888889,26.94444444,31.06666667,34.66666667,0
Sudan,SDN,2008,21.4,22.57777778,29.02222222,31.93333333,33.53333333,0
Sudan,SDN,2009,23.25555556,25.18888889,26.07777778,32.77777778,33.23333333,0
Sudan,SDN,2010,24.48888889,25.8,28.38888889,32.17777778,34.13333333,0
Sudan,SDN,2011,21.38888889,25.2,26.64444444,30.15555556,33.45555556,0
Sudan,SDN,2012,20.8,24.95555556,25.75,31.04444444,35.02222222,0
Sudan,SDN,2013,23.11111111,25.74444444,28.64444444,30.48888889,34.38888889,0
Sudan,SDN,2014,23.26666667,23.91111111,28.4,32.54444444,33.71111111,0
Sudan,SDN,2015,23,28.3,31.6,31.4,36.1,1
Sudan,SDN,2017,26.5,24,28.8,34.1,35,0
Sudan,SDN,2018,22.5,29.1,30.9,31.8,35,0
Sudan,SDN,2019,22.83333333,23.97777778,25.67777778,30.12222222,34.12222222,0
Sudan,SDN,2020,19.92222222,22.21111111,27.02222222,31.06666667,33.76666667,0
Sudan,SDN,2021,23.65555556,23.32,28.09,30.99,33.88,0
Switzerland,CHE,1990,0.1,5.9,7.1,7.4,14.6,0
Switzerland,CHE,1991,2.05,-0.75,7.6,8.2,10.55,0
Switzerland,CHE,1992,-0.55,2.4,6.55,9.1,15.2,0
Switzerland,CHE,1993,3.45,0,5,10.8,14.7,0
Switzerland,CHE,1994,3.15,2.9,9.6,7.65,13.6,0
Switzerland,CHE,1995,0.85,5.7,4.6,9.45,13.25,0
Switzerland,CHE,1996,0.2,0.4,3.85,9.8,12.7,0
Switzerland,CHE,1997,-1.65,4.85,8.05,8.75,14,0
Switzerland,CHE,1998,2.55,3.7,6.45,8.9,14.9,0
Switzerland,CHE,1999,2.35,0.75,6.45,9.3,15.7,0
Switzerland,CHE,2000,1.05,4.6,6.85,10.2,15.65,0
Switzerland,CHE,2001,2.6,4,7.95,7.9,15.55,0
Switzerland,CHE,2002,0.8,6.2,7.4,9.55,12.95,0
Switzerland,CHE,2003,0.75,-0.45,7.9,10.05,14.95,1
Switzerland,CHE,2004,1.75,2.5,4.85,9.85,12.7,0
Switzerland,CHE,2005,0.75,-0.3,5.95,9.7,14.1,0
Switzerland,CHE,2006,-1.45,0.1,4.15,9.35,13.85,0
Switzerland,CHE,2007,5.05,5.55,6.15,13.6,15.1,0
Switzerland,CHE,2008,3.466666667,3.95,5.55,8.6,15.4,0
Switzerland,CHE,2009,-1.65,1.1,5.5,11.95,16.1,0
Switzerland,CHE,2010,-1.1,1.55,5.2,10.76666667,12.35,0
Switzerland,CHE,2011,1.866666667,3.2,6.9,12.65,15.85,0
Switzerland,CHE,2012,3.25,-2.9,8.15,9.35,14.7,0
Switzerland,CHE,2013,1.2,-0.25,3.2,9.7,11.4,0
Switzerland,CHE,2014,3.65,4.65,7.6,11.45,13.15,0
Switzerland,CHE,2015,2.45,1,6.4,10.55,14.7,0
Switzerland,CHE,2016,3.45,4.8,5.4,9.45,12.56666667,0
Switzerland,CHE,2017,-2.1,3.866666667,8.95,8.86,13.775,0
Switzerland,CHE,2018,4.52,-1.1,4.65,12.7,14.625,0
Switzerland,CHE,2019,-1.25,3.15,7.7,6.977777778,8.68,0
Switzerland,CHE,2020,1.922222222,4.42,6.6,10.43,12.04,0
Switzerland,CHE,2021,-0.67,3.27,6.05,5.7,8.55,0
Turkey,TUR,1990,4.9,6.75,7.65,11.8,14.175,0
Turkey,TUR,1991,6.36,5.06,6.4,11.075,15.525,0
Turkey,TUR,1992,4.1,3.6,7.72,10.98,13.42,0
Turkey,TUR,1993,4.96,3.8,7.78,10.5,15,0
Turkey,TUR,1994,8.24,5.4,7.9,13.4,15.56,0
Turkey,TUR,1995,7.6,7.54,9.78,10.9,16.2,0
Turkey,TUR,1996,6.28,6.96,5.6,9.24,16.54,0
Turkey,TUR,1997,7,4.925,5.36,9.5,16.14,0
Turkey,TUR,1998,6.98,5.225,7.225,14.3,15.98,0
Turkey,TUR,1999,8.275,8.05,8.95,12.5,15.675,0
Turkey,TUR,2000,4.225,5.95,7.275,14,15.45,1
Turkey,TUR,2001,8.525,8.12,11.94,12.025,15.1,0
Turkey,TUR,2002,4.95,8.54,9.84,10,15.78,0
Turkey,TUR,2003,8.95,4.75,4.675,8.825,16.35,0
Turkey,TUR,2004,7.425,6.825,8.44,11.7,15.125,0
Turkey,TUR,2005,8.44,7.16,6.9,11.72,15.75,0
Turkey,TUR,2006,4.92,5.28,9.54,11.12,14.94,0
Turkey,TUR,2007,7.833333333,6.6,8.35,9.45,17.75,1
Turkey,TUR,2008,3.316666667,4.616666667,11.28333333,14.05,15.08333333,0
Turkey,TUR,2009,7.1,8.55,8.1,9.733333333,15.71666667,0
Turkey,TUR,2010,8.483333333,9.3,8.216666667,11.48333333,17.13333333,0
Turkey,TUR,2011,6.583333333,5.5,7.533333333,9.4,14.61666667,0
Turkey,TUR,2012,5.433333333,3.583333333,5.383333333,13.55,17.45714286,0
Turkey,TUR,2013,7.5,8.816666667,9.866666667,12.63333333,18.08333333,0
Turkey,TUR,2014,8.3,8.316666667,10.08333333,12.6,16.96666667,0
Turkey,TUR,2015,7.725,8.542857143,9.066666667,11.26666667,16.86666667,0
Turkey,TUR,2016,6.85,10.43333333,10.75,14.92857143,17.1,0
Turkey,TUR,2017,5.471428571,6.583333333,9.7,11.57142857,15.95714286,0
Turkey,TUR,2018,8.185714286,9.671428571,11.78571429,13.98333333,19.02857143,0
Turkey,TUR,2019,8.422222222,7.9,8.577777778,11.68888889,17.8,0
Turkey,TUR,2020,6.9,7.722222222,10.31111111,10.68888889,16.14444444,0
Turkey,TUR,2021,9.944444444,8.344444444,7.677777778,11.82222222,16.71111111,0
United Kingdom,GBR,1990,5.95,5.86,5.9,6.2,9.05,0
United Kingdom,GBR,1991,4.625,3.675,6.35,6.625,8.625,0
United Kingdom,GBR,1992,6.15,5.8,5.1,6.55,9.833333333,0
United Kingdom,GBR,1993,4.25,5.5,5.575,6.775,8.225,0
United Kingdom,GBR,1994,4,3.675,4.275,6.05,7.7,0
United Kingdom,GBR,1995,3.4,3.9,3.9,5.833333333,7.775,0
United Kingdom,GBR,1996,5.675,3.233333333,4.425,6.8,6.975,0
United Kingdom,GBR,1997,5.125,4.875,6.175,6.566666667,8,0
United Kingdom,GBR,1998,5.275,6.55,5.325,5.733333333,9.075,0
United Kingdom,GBR,1999,4.4,3.625,5.625,7.1,8.8,0
United Kingdom,GBR,2000,4.966666667,4.85,5.6,5.65,8.975,0
United Kingdom,GBR,2001,5.125,3.375,4.05,6.075,9.275,0
United Kingdom,GBR,2002,6.075,4.525,5.533333333,7.425,9.425,0
United Kingdom,GBR,2003,4.925,5.275,7.05,8.125,9.2,1
United Kingdom,GBR,2004,4.675,4.725,6.25,7.9,9.4,0
United Kingdom,GBR,2005,5.066666667,4.6,5.725,7.425,7.95,0
United Kingdom,GBR,2006,5.7,5.25,3.35,5.975,8.3,0
United Kingdom,GBR,2007,5.475,5.525,6.325,8.45,8.78,0
United Kingdom,GBR,2008,4.95,5.825,4.475,6.475,9.925,0
United Kingdom,GBR,2009,5.325,4.575,6.05,8.1,9.55,0
United Kingdom,GBR,2010,3.55,2.675,5.625,6.7,8,0
United Kingdom,GBR,2011,4.65,5.275,5.5,8.95,9.5,0
United Kingdom,GBR,2012,4.533333333,5.9,7.633333333,5.733333333,7.933333333,0
United Kingdom,GBR,2013,4.4,3.933333333,3.366666667,5.4,8.166666667,1
United Kingdom,GBR,2014,5.233333333,5.475,6.5,7.9,9.433333333,0
United Kingdom,GBR,2015,4.466666667,5.1,5.466666667,6.633333333,7.766666667,0
United Kingdom,GBR,2016,4.72,4.05,6.125,6.066666667,9.3,0
United Kingdom,GBR,2017,6.05,5.44,6.333333333,7.1,9.666666667,0
United Kingdom,GBR,2018,3.55,3.75,3.633333333,6.75,10.2,1
United Kingdom,GBR,2019,2.933333333,5.757142857,6.033333333,7.585714286,7.016666667,1
United Kingdom,GBR,2019,2.933333333,5.757142857,6.033333333,7.585714286,7.016666667,1
United Kingdom,GBR,2020,4.833333333,3.271428571,5.266666667,6.385714286,8.4,1
United Kingdom,GBR,2021,1.6875,3.0125,6.333333333,4.475,7.0375,0
